Alloy,Finish,Length_m,Weight_kg_per_m,Profile_Name,Tolerances,GD_T,Order_Quantity,LME_Price_EUR,Customer_Category,Lead_Time_weeks,Quote_Price_SEK,Quote_Date
Steel,Powder coated,37.2,1.495,Clipsprofil,0.108,low,33067,2.7,micro,2,4.15,2025-09-02
Nickel,Plasma sprayed,17.1,1.468,Rörprofil,0.122,high,36195,2.75,small,4,4.09,2025-12-04
Brass,Blackening,37.4,0.96,Pärlspont,0.071,high,90326,3.21,large,6,3.14,2025-04-18
Titanium,Anodized,23.9,1.11,Hörnvinkel,0.062,medium,150442,3.76,medium,7,2.07,2025-07-31
Steel,Anodized,18.1,1.164,Korsprofil,0.174,low,75268,3.98,large,2,3.4,2025-06-05
Tin,Polished,27.0,1.57,Ändprofil,0.197,high,72397,3.61,medium,10,3.45,2025-01-26
Copper,Plasma sprayed,21.7,1.091,Spröjsprofil,0.111,high,47632,2.72,large,4,3.89,2025-03-23
Steel,Polished,22.3,1.029,H-profil,0.063,low,46921,3.62,medium,11,3.9,2025-03-24
Brass,Plasma sprayed,22.8,1.709,Ramlist,0.06,medium,109170,3.56,micro,4,2.8,2025-05-11
Titanium,Hot-dip galvanized,34.3,0.845,Vinkellist,0.184,low,50474,3.83,medium,12,3.84,2025-11-25
Nickel,Powder coated,28.2,1.746,Pärlspont,0.12,medium,156657,3.86,medium,3,1.96,2025-04-10
Brass,Hot-dip galvanized,22.9,1.454,Täckprofil,0.098,low,131489,3.93,large,9,2.41,2025-09-13
Brass,Phosphated,29.9,1.592,Vinkellist,0.121,low,72802,3.21,large,4,3.45,2025-02-18
Copper,Brushed,32.3,1.106,Glasningslist,0.098,low,68974,3.66,large,7,3.51,2025-03-04
Zinc,Electroplated,22.0,0.85,Sidoprofil,0.123,low,69560,2.98,small,3,3.5,2025-11-07
Titanium,Plasma sprayed,25.3,1.509,Glasningslist,0.179,medium,74798,4.14,small,8,3.41,2025-10-17
Aluminium,Phosphated,18.5,1.597,Clipsprofil,0.139,medium,99909,2.83,medium,5,2.97,2025-04-15
Brass,Brushed,19.9,1.512,Isolerprofil,0.154,high,81764,2.57,medium,10,3.29,2025-04-15
Zinc,Blackening,31.5,0.967,Glasningslist,0.105,low,104105,2.79,micro,11,2.89,2025-11-21
Aluminium,Chrome plated,19.9,1.523,Tätningslist,0.161,medium,97219,3.78,micro,10,3.01,2025-01-15
Titanium,Powder coated,27.9,1.538,Foglist,0.15,medium,160864,3.26,medium,8,1.89,2025-06-24
Iron,Polished,32.1,1.437,Sidoprofil,0.068,medium,86769,3.26,small,9,3.2,2025-09-16
Tin,Polished,18.2,1.535,Hakprofilslist,0.136,low,49494,4.07,medium,4,3.86,2025-07-30
Zinc,Hot-dip galvanized,28.9,1.608,L-profil,0.089,high,59111,4.01,micro,12,3.69,2025-09-16
Lead,Anodized,21.7,1.396,Spröjsprofil,0.171,medium,104677,3.04,small,6,2.88,2025-04-12
Iron,Brushed,38.0,0.918,Skenprofil,0.114,low,158037,2.88,small,3,1.94,2025-09-17
Tin,Chrome plated,26.9,1.281,Z-profil,0.199,medium,76023,3.9,micro,11,3.39,2025-12-10
Copper,Phosphated,34.4,0.908,Glaskil,0.064,medium,132636,3.99,medium,8,2.39,2025-06-08
Steel,Powder coated,28.5,1.208,Fönsterbleck,0.167,high,107535,3.41,large,9,2.83,2025-02-14
Nickel,Brushed,16.7,1.208,Mittpost,0.151,medium,143341,3.55,medium,10,2.2,2025-10-28
Lead,Chrome plated,30.4,0.897,H-profil,0.165,medium,108598,2.96,medium,12,2.81,2025-09-08
Copper,Electroplated,37.7,1.155,Fönsterbleck,0.096,low,91538,3.82,micro,12,3.12,2025-11-27
Titanium,Plasma sprayed,29.6,0.938,Vinkellist,0.124,low,160653,3.56,small,8,1.89,2025-06-14
Copper,Polished,34.7,1.573,T-profil,0.169,high,137733,3.35,micro,11,2.3,2025-07-12
Steel,Phosphated,36.2,1.7,Karmprofil,0.085,low,149693,2.65,medium,11,2.09,2025-01-09
Titanium,Polished,21.0,0.903,Kantprofil,0.084,low,139392,4.01,large,9,2.27,2025-03-06
Lead,Phosphated,20.6,1.707,J-profil,0.133,high,34447,3.53,large,10,4.13,2025-10-09
Steel,Hot-dip galvanized,29.9,1.313,Avvattningsprofil,0.129,medium,131219,2.86,large,7,2.41,2025-06-30
Aluminium,Anodized,25.2,1.11,Korsprofil,0.092,high,131551,3.51,micro,11,2.41,2025-10-09
Nickel,Phosphated,35.2,0.907,Ändprofil,0.095,low,70745,3.63,small,3,3.48,2025-10-06
Lead,Polished,36.6,1.293,Isolerprofil,0.092,high,86103,3.39,micro,3,3.21,2025-01-30
Aluminium,Hot-dip galvanized,23.9,1.561,Karmprofil,0.166,medium,159553,3.69,large,5,1.91,2025-09-23
Tin,Phosphated,21.2,1.481,Bottenlist,0.148,high,93408,3.47,medium,10,3.08,2025-11-24
Lead,Electroplated,33.8,0.883,J-profil,0.175,low,138470,4.06,small,8,2.29,2025-08-05
Tin,Anodized,22.1,0.904,Tätningslist,0.196,low,34313,2.64,micro,3,4.13,2025-11-16
Titanium,Phosphated,34.8,1.204,Z-profil,0.121,high,117917,2.72,micro,9,2.65,2025-04-15
Aluminium,Hot-dip galvanized,25.5,1.106,Foglist,0.06,medium,114710,2.83,small,12,2.71,2025-07-03
Nickel,Blackening,31.2,1.049,H-profil,0.057,high,85802,3.65,small,8,3.22,2025-11-26
Steel,Brushed,17.9,1.093,Fönsterbåge,0.094,medium,149416,3.58,medium,10,2.09,2025-05-28
Brass,Wet painted,30.2,1.569,Korsprofil,0.19,medium,70055,3.97,small,9,3.5,2025-04-15
Copper,Chrome plated,26.2,1.684,Spröjsprofil,0.128,high,41033,3.72,medium,4,4.01,2025-02-16
Iron,Wet painted,29.3,1.206,Glasningslist,0.091,medium,41779,3.36,large,2,4.0,2025-03-28
Nickel,Blackening,19.6,1.662,Foglist,0.11,low,107661,4.13,large,3,2.83,2025-11-05
Aluminium,Wet painted,32.8,1.13,Ändprofil,0.14,high,53604,2.97,micro,3,3.79,2025-05-09
Brass,Blackening,35.7,1.271,Distansprofil,0.148,medium,67994,3.87,large,5,3.53,2025-09-15
Nickel,Powder coated,20.7,1.043,Clipsprofil,0.073,low,156532,3.23,large,7,1.97,2025-11-10
Aluminium,Blackening,17.9,1.421,Innerbåge,0.197,high,137886,3.58,medium,5,2.3,2025-05-27
Zinc,Blackening,16.3,1.729,Isolerprofil,0.132,low,113471,3.71,micro,10,2.73,2025-03-13
Zinc,Blackening,30.6,1.387,Glashållare,0.07,low,146451,3.56,small,5,2.14,2025-05-20
Tin,Electroplated,29.8,1.163,Karmlist,0.184,low,118596,2.77,micro,7,2.64,2025-01-27
Nickel,Brushed,28.4,1.427,J-profil,0.061,medium,41790,3.25,large,7,4.0,2025-01-29
Zinc,Plasma sprayed,21.1,0.949,J-profil,0.186,high,53552,3.44,small,11,3.79,2025-09-28
Aluminium,Phosphated,24.8,1.647,Kantskydd,0.199,high,137590,3.9,micro,12,2.3,2025-06-23
Tin,Chrome plated,29.5,1.295,Kantskydd,0.155,medium,39162,3.26,micro,11,4.04,2025-09-10
Aluminium,Anodized,27.2,1.246,Rörprofil,0.166,high,142763,4.01,micro,2,2.21,2025-03-01
Tin,Brushed,38.6,1.371,Ventilationslister,0.101,low,102259,3.25,micro,9,2.93,2025-04-17
Nickel,Polished,18.9,1.406,Karmprofil,0.191,high,42750,3.42,medium,4,3.98,2025-08-08
Brass,Plasma sprayed,31.8,0.903,Mittpost,0.129,medium,88322,3.82,micro,7,3.17,2025-09-16
Steel,Powder coated,25.1,1.459,Kopplingsprofil,0.16,low,160198,3.48,large,4,1.9,2025-05-26
Lead,Powder coated,25.6,1.058,Innerbåge,0.189,medium,94291,4.08,large,12,3.07,2025-02-21
Brass,Blackening,32.3,1.487,Avvattningsprofil,0.196,low,73227,3.6,medium,3,3.44,2025-03-01
Titanium,Brushed,31.8,1.586,Anslagslist,0.175,low,132677,3.38,small,6,2.39,2025-02-03
Aluminium,Hot-dip galvanized,38.7,1.569,Glasningslist,0.095,high,120390,2.59,small,2,2.61,2025-04-06
Titanium,Wet painted,18.7,1.34,Glashållare,0.195,low,82153,3.21,large,10,3.28,2025-03-30
Brass,Polished,18.1,1.311,Ramlist,0.144,medium,64126,3.03,large,12,3.6,2025-11-12
Tin,Powder coated,32.5,0.967,Kantskydd,0.19,high,75179,3.74,medium,8,3.4,2025-08-19
Lead,Chrome plated,29.1,1.543,Ramlist,0.151,medium,89565,2.88,small,4,3.15,2025-10-02
Lead,Powder coated,22.1,1.084,Ramlist,0.096,low,104661,2.88,small,5,2.88,2025-09-03
Iron,Anodized,17.6,1.29,Skenprofil,0.106,medium,141256,2.85,micro,7,2.24,2025-04-21
Lead,Phosphated,17.7,1.096,Mittpost,0.133,medium,110290,2.75,micro,4,2.78,2025-08-22
Steel,Powder coated,36.4,0.959,Glashållare,0.169,low,122087,3.04,micro,8,2.58,2025-10-05
Lead,Anodized,20.2,1.411,H-profil,0.098,high,118484,3.96,medium,7,2.64,2025-06-15
Brass,Brushed,23.2,0.887,Ventilationslister,0.137,medium,73036,3.78,large,10,3.44,2025-05-08
Iron,Brushed,21.0,1.519,Glasningslist,0.102,low,56830,3.72,medium,6,3.73,2025-08-25
Brass,Plasma sprayed,23.9,1.126,Pärlspont,0.172,high,110352,3.82,small,5,2.78,2025-10-18
Brass,Powder coated,17.3,0.837,T-profil,0.12,high,79358,2.98,large,4,3.33,2025-04-17
Copper,Chrome plated,27.7,1.303,U-profil,0.062,high,138380,3.96,micro,11,2.29,2025-05-08
Iron,Powder coated,17.3,0.88,Droppnäsa,0.075,medium,106394,2.77,medium,2,2.85,2025-07-14
Brass,Chrome plated,34.2,1.089,Avvattningsprofil,0.059,medium,106555,3.08,medium,4,2.85,2025-12-05
Copper,Electroplated,21.1,1.481,Mittpost,0.125,medium,37186,3.48,micro,4,4.08,2025-05-23
Copper,Blackening,28.2,0.894,Kilspår,0.066,high,158898,2.71,medium,8,1.92,2025-04-21
Iron,Plasma sprayed,36.1,1.602,Ventilationslister,0.067,medium,126021,3.71,micro,8,2.51,2025-03-31
Titanium,Electroplated,30.8,0.841,Anslagslist,0.191,low,150923,3.17,small,2,2.07,2025-09-08
Tin,Powder coated,28.1,1.062,Clipsprofil,0.181,medium,69687,3.8,large,4,3.5,2025-10-07
Steel,Plasma sprayed,23.2,1.512,Korsprofil,0.118,medium,53875,3.33,small,9,3.78,2025-11-29
Tin,Electroplated,23.4,1.125,Hakprofil,0.198,high,144560,2.84,small,10,2.18,2025-08-12
Lead,Wet painted,31.2,0.93,Stödprofil,0.05,medium,140949,3.72,micro,8,2.24,2025-04-11
Steel,Powder coated,38.7,1.165,Distansprofil,0.142,low,71943,2.95,medium,8,3.46,2025-05-12
Lead,Electroplated,31.0,1.084,Innerbåge,0.142,high,42400,3.33,small,12,3.98,2025-01-13
Brass,Wet painted,28.6,1.605,Avvattningsprofil,0.119,low,92656,2.67,small,9,3.1,2025-04-08
Aluminium,Wet painted,32.6,1.123,Kilspår,0.11,high,40156,3.53,small,7,4.02,2025-04-30
Iron,Brushed,26.5,1.556,Skenprofil,0.118,high,70469,3.61,medium,12,3.49,2025-10-20
Steel,Powder coated,17.1,1.65,Kantprofil,0.112,medium,61104,3.15,medium,4,3.65,2025-10-31
Steel,Wet painted,28.7,1.232,Kopplingsprofil,0.16,low,68090,4.07,micro,2,3.53,2025-07-18
Brass,Brushed,37.9,1.666,H-profil,0.07,high,63288,3.94,small,8,3.61,2025-01-01
Titanium,Electroplated,19.8,1.181,Glasningslist,0.08,medium,142279,3.68,large,2,2.22,2025-03-01
Copper,Anodized,31.7,1.715,Mittpost,0.077,high,108748,3.68,medium,2,2.81,2025-09-07
Brass,Powder coated,20.4,0.919,Doldbeslag,0.089,high,70806,2.95,micro,10,3.48,2025-05-20
Zinc,Plasma sprayed,28.1,1.463,Glashållare,0.129,high,145730,3.59,small,11,2.16,2025-05-29
Copper,Chrome plated,18.0,1.287,Glaskil,0.067,high,120204,2.87,large,8,2.61,2025-02-13
Iron,Chrome plated,26.1,1.19,Vinkellist,0.18,high,99606,2.78,medium,12,2.97,2025-07-05
Copper,Electroplated,33.2,1.413,Baslister,0.095,high,44605,4.14,large,5,3.95,2025-04-18
Titanium,Hot-dip galvanized,23.8,1.478,Hakprofil,0.074,medium,42269,3.54,medium,7,3.99,2025-02-13
Copper,Hot-dip galvanized,31.1,0.841,Mittpost,0.151,high,44704,3.24,micro,2,3.94,2025-03-19
Iron,Electroplated,34.1,0.989,T-profil,0.056,low,41289,3.01,large,8,4.0,2025-08-14
Titanium,Wet painted,37.2,1.487,Skarvprofil,0.143,medium,97605,3.51,small,7,3.01,2025-06-11
Tin,Powder coated,21.2,1.444,J-profil,0.155,low,68283,2.63,small,5,3.53,2025-10-08
Steel,Chrome plated,25.0,1.717,Kantprofil,0.082,high,142584,2.7,medium,8,2.21,2025-09-10
Steel,Chrome plated,19.3,1.53,Skenprofil,0.056,low,71762,2.6,small,4,3.47,2025-05-12
Lead,Wet painted,38.7,1.703,Sidoprofil,0.105,high,51660,3.34,large,2,3.82,2025-05-24
Tin,Chrome plated,37.2,1.477,Kopplingsprofil,0.065,high,117957,3.5,micro,5,2.65,2025-09-23
Tin,Plasma sprayed,28.2,1.109,Mittpost,0.067,medium,58587,2.65,medium,4,3.7,2025-04-19
Copper,Powder coated,35.2,0.933,H-profil,0.088,medium,97772,3.7,large,2,3.01,2025-07-13
Steel,Phosphated,27.8,1.549,Korsprofil,0.094,high,147740,2.92,medium,3,2.12,2025-02-04
Iron,Chrome plated,30.2,1.424,Korsprofil,0.129,medium,141265,3.64,micro,12,2.24,2025-10-02
Nickel,Electroplated,17.8,0.881,Z-profil,0.152,low,93613,4.11,medium,6,3.08,2025-07-06
Nickel,Plasma sprayed,33.2,1.165,L-profil,0.139,medium,66460,3.65,small,9,3.56,2025-08-31
Titanium,Chrome plated,18.7,1.709,Täckprofil,0.072,medium,39089,3.95,small,2,4.04,2025-09-21
Steel,Blackening,34.8,1.293,Z-profil,0.076,low,59481,4.06,medium,5,3.68,2025-01-10
Steel,Plasma sprayed,33.8,1.231,Täckprofil,0.182,medium,46685,3.32,micro,5,3.91,2025-06-15
Nickel,Brushed,32.1,1.254,Doldbeslag,0.134,high,114897,3.67,micro,6,2.7,2025-01-29
Steel,Phosphated,16.6,1.027,Rörprofil,0.18,low,97941,3.9,small,8,3.0,2025-09-28
Copper,Polished,22.7,1.173,Kilspår,0.106,high,76547,3.12,micro,9,3.38,2025-03-28
Zinc,Electroplated,21.8,1.174,Karmprofil,0.142,low,118973,2.97,medium,7,2.63,2025-01-23
Aluminium,Electroplated,24.1,0.885,H-profil,0.129,high,132550,4.06,large,2,2.39,2025-07-29
Tin,Powder coated,17.8,1.536,Korsprofil,0.098,high,37844,3.7,medium,8,4.06,2025-02-15
Lead,Plasma sprayed,37.4,1.217,Sidoprofil,0.12,medium,148083,2.9,small,4,2.12,2025-01-28
Titanium,Wet painted,28.5,1.586,Sidoprofil,0.125,high,45575,3.26,small,7,3.93,2025-01-26
Zinc,Electroplated,22.8,1.612,Baslister,0.08,medium,137589,3.82,small,9,2.3,2025-09-23
Nickel,Plasma sprayed,24.9,1.03,Skarvprofil,0.097,low,95548,3.42,micro,8,3.04,2025-06-24
Tin,Plasma sprayed,26.1,1.436,H-profil,0.169,high,66850,3.58,medium,11,3.55,2025-01-04
Steel,Blackening,29.6,1.267,Distansprofil,0.187,high,85993,3.75,large,7,3.21,2025-11-07
Lead,Anodized,27.7,1.639,Spröjsprofil,0.104,low,51941,3.54,medium,10,3.82,2025-11-18
Steel,Anodized,37.0,1.034,Täckprofil,0.096,low,104049,3.41,large,10,2.89,2025-03-08
Iron,Polished,27.2,1.455,Anslagslist,0.079,high,157177,3.74,medium,2,1.95,2025-05-15
Iron,Brushed,38.7,1.391,Glaskil,0.152,low,112321,3.71,small,2,2.75,2025-02-24
Lead,Polished,35.4,1.106,J-profil,0.098,medium,47905,3.55,large,2,3.89,2025-01-31
Lead,Chrome plated,20.6,0.962,Hakprofilslist,0.198,low,135473,3.12,medium,9,2.34,2025-03-15
Nickel,Wet painted,37.3,1.431,Fönsterbåge,0.099,low,83013,3.2,micro,11,3.27,2025-01-19
Lead,Chrome plated,18.4,1.51,Kopplingsprofil,0.109,high,52690,4.09,micro,8,3.8,2025-06-05
Copper,Hot-dip galvanized,34.6,1.125,Dekorlist,0.141,medium,107703,2.73,medium,4,2.83,2025-12-03
Steel,Chrome plated,24.5,1.425,J-profil,0.17,low,90766,2.98,small,3,3.13,2025-06-05
Zinc,Powder coated,36.0,1.197,Droppnäsa,0.12,medium,36281,3.33,large,5,4.09,2025-05-27
Brass,Chrome plated,35.8,1.487,Pärlspont,0.113,medium,41793,3.88,medium,4,4.0,2025-03-28
Lead,Polished,34.4,1.019,Skenprofil,0.199,medium,103518,2.81,micro,8,2.9,2025-01-20
Titanium,Electroplated,34.0,1.648,Karmprofil,0.052,high,103618,2.99,large,11,2.9,2025-09-26
Iron,Electroplated,22.8,1.099,Kantprofil,0.184,low,147931,2.65,micro,9,2.12,2025-11-29
Copper,Anodized,17.6,1.172,Mittpost,0.072,high,151538,3.67,micro,7,2.05,2025-02-12
Tin,Wet painted,25.1,0.89,Doldbeslag,0.168,low,127635,2.93,medium,4,2.48,2025-11-02
Brass,Wet painted,19.7,0.939,Kantskydd,0.143,low,139741,3.17,micro,7,2.26,2025-01-28
Zinc,Powder coated,31.8,1.307,Hörnvinkel,0.101,high,49284,3.26,large,3,3.86,2025-09-17
Brass,Polished,23.7,1.081,Glaskil,0.181,medium,157880,3.97,small,8,1.94,2025-01-22
Lead,Anodized,38.3,1.598,Pärlspont,0.052,medium,143616,3.2,medium,12,2.19,2025-04-11
Nickel,Blackening,30.6,0.851,Mittpost,0.084,low,55060,2.78,large,11,3.76,2025-02-08
Iron,Hot-dip galvanized,34.8,1.183,Glashållare,0.135,high,123829,3.38,medium,8,2.54,2025-10-17
Iron,Wet painted,18.8,1.144,Fönsterbleck,0.103,medium,33824,4.08,micro,5,4.14,2025-12-19
Tin,Electroplated,35.7,0.855,F-profil,0.142,medium,150754,3.52,micro,9,2.07,2025-10-27
Nickel,Chrome plated,37.1,0.951,Karmlist,0.054,low,81702,4.11,large,5,3.29,2025-06-19
Steel,Chrome plated,27.0,1.214,Ramlist,0.067,low,123956,3.89,large,8,2.54,2025-10-23
Aluminium,Anodized,29.8,1.286,Mittpost,0.069,high,97914,2.61,small,5,3.0,2025-12-19
Copper,Polished,33.4,1.205,Glashållare,0.078,low,68191,3.6,large,6,3.53,2025-05-10
Iron,Polished,19.8,1.321,Ändprofil,0.119,medium,123309,3.01,large,8,2.55,2025-06-05
Titanium,Brushed,27.4,1.379,Sidoprofil,0.163,medium,72132,3.44,medium,11,3.46,2025-03-15
Iron,Phosphated,25.0,0.846,Hörnvinkel,0.186,medium,78136,2.99,micro,4,3.35,2025-12-08
Brass,Wet painted,19.1,1.26,U-profil,0.175,medium,106253,3.1,large,11,2.86,2025-03-31
Iron,Polished,24.2,1.715,Doldbeslag,0.08,high,45662,4.02,small,6,3.93,2025-03-08
Iron,Electroplated,17.3,1.31,Isolerprofil,0.116,high,99045,2.88,large,12,2.98,2025-08-24
Aluminium,Anodized,16.3,1.454,Foglist,0.08,low,70221,3.94,micro,4,3.49,2025-07-19
Aluminium,Hot-dip galvanized,18.9,1.121,Sidoprofil,0.09,low,102734,2.6,large,6,2.92,2025-11-28
Zinc,Brushed,38.0,1.542,Sidoprofil,0.126,low,160017,2.69,medium,4,1.9,2025-08-15
Steel,Plasma sprayed,28.4,1.541,T-profil,0.06,high,50862,3.91,micro,12,3.83,2025-12-14
Titanium,Powder coated,38.1,1.312,Ytterram,0.083,medium,96810,3.55,large,11,3.02,2025-08-21
Iron,Hot-dip galvanized,25.7,1.726,Mittpost,0.19,low,108707,3.74,medium,12,2.81,2025-09-23
Iron,Plasma sprayed,22.9,0.952,Skenprofil,0.12,medium,39910,2.88,micro,8,4.03,2025-03-27
Copper,Blackening,27.4,0.853,Vinkellist,0.117,low,141681,3.4,large,2,2.23,2025-04-12
Aluminium,Chrome plated,25.9,1.539,Glaskil,0.052,low,125218,3.72,medium,10,2.52,2025-08-02
Titanium,Powder coated,18.2,1.572,Z-profil,0.087,low,48091,3.55,small,10,3.88,2025-04-18
Tin,Wet painted,30.6,0.947,Kopplingsprofil,0.18,low,90347,3.3,medium,6,3.14,2025-06-14
Zinc,Electroplated,20.7,1.079,Kilspår,0.075,low,133148,4.08,small,10,2.38,2025-04-01
Steel,Powder coated,30.1,0.853,Bottenlist,0.112,medium,136126,3.63,large,11,2.33,2025-07-11
Nickel,Phosphated,30.8,1.104,Avvattningsprofil,0.052,low,100206,3.99,medium,7,2.96,2025-12-01
Steel,Plasma sprayed,19.2,1.541,Glashållare,0.122,medium,51965,3.71,small,6,3.82,2025-03-27
Brass,Wet painted,17.1,1.309,L-profil,0.053,high,102546,3.72,micro,4,2.92,2025-08-10
Iron,Phosphated,33.8,1.154,Skenprofil,0.173,low,98164,2.68,medium,12,3.0,2025-12-29
Zinc,Chrome plated,26.4,1.176,Mittpost,0.174,medium,78751,3.12,large,12,3.34,2025-04-11
Brass,Phosphated,17.1,0.838,H-profil,0.168,high,136183,3.91,micro,9,2.33,2025-08-14
Titanium,Brushed,38.8,1.11,Hörnvinkel,0.093,high,118448,2.92,small,5,2.64,2025-12-30
Nickel,Brushed,17.1,1.426,Hakprofilslist,0.176,high,78190,2.73,medium,11,3.35,2025-03-01
Aluminium,Blackening,31.8,1.724,Foglist,0.131,medium,39094,3.07,medium,4,4.04,2025-09-07
Zinc,Anodized,38.5,1.609,L-profil,0.106,low,65188,2.9,large,7,3.58,2025-02-17
Zinc,Hot-dip galvanized,21.3,0.859,Avvattningsprofil,0.144,low,39049,4.02,micro,9,4.04,2025-04-27
Iron,Hot-dip galvanized,19.0,1.656,Mittpost,0.052,medium,78831,3.93,medium,10,3.34,2025-08-15
Lead,Wet painted,18.5,1.551,Skruvkanal,0.071,low,147952,3.34,medium,7,2.12,2025-12-28
Zinc,Chrome plated,22.7,1.548,Droppnäsa,0.161,medium,52908,2.65,micro,6,3.8,2025-02-02
Copper,Polished,18.1,1.254,L-profil,0.087,low,113286,3.69,medium,12,2.73,2025-02-13
Nickel,Blackening,31.7,1.2,Droppnäsa,0.14,high,101511,3.54,micro,3,2.94,2025-06-14
Nickel,Brushed,17.2,1.113,Innerbåge,0.108,low,152682,4.09,micro,3,2.03,2025-12-11
Copper,Wet painted,27.5,0.897,Glashållare,0.178,medium,116296,3.44,micro,10,2.68,2025-10-19
Tin,Polished,38.8,1.045,Glasningslist,0.193,medium,88317,3.08,large,3,3.17,2025-12-03
Copper,Hot-dip galvanized,34.6,1.062,Hakprofil,0.183,high,136247,3.38,micro,3,2.32,2025-12-10
Copper,Anodized,30.0,1.278,Ramlist,0.091,medium,89976,4.11,micro,4,3.14,2025-10-14
Nickel,Phosphated,22.8,1.518,Ventilationslister,0.079,low,43860,3.66,small,4,3.96,2025-12-30
Steel,Brushed,30.2,1.269,Spröjsprofil,0.121,low,86701,3.62,small,5,3.2,2025-08-13
Nickel,Wet painted,27.9,0.89,Clipsprofil,0.051,high,82768,2.93,large,8,3.27,2025-10-13
Lead,Powder coated,25.6,1.71,J-profil,0.054,medium,148184,3.73,micro,10,2.11,2025-07-23
Iron,Polished,18.8,1.696,Isolerprofil,0.133,high,64763,3.74,small,3,3.59,2025-06-21
Brass,Phosphated,36.2,1.552,L-profil,0.128,low,63963,3.05,small,5,3.6,2025-01-12
Steel,Brushed,26.1,1.74,F-profil,0.199,high,145987,3.32,medium,10,2.15,2025-11-03
Aluminium,Hot-dip galvanized,20.2,1.333,Ventilationslister,0.08,medium,101006,3.02,micro,3,2.95,2025-05-01
Brass,Chrome plated,24.2,1.714,Ytterram,0.089,high,91073,2.96,small,11,3.12,2025-09-01
Iron,Polished,25.3,0.906,Karmlist,0.067,medium,65423,2.59,large,12,3.58,2025-06-01
Lead,Hot-dip galvanized,34.9,1.17,Clipsprofil,0.188,medium,126646,3.0,medium,2,2.49,2025-06-01
Lead,Brushed,32.7,1.043,Distansprofil,0.167,low,42018,3.43,medium,11,3.99,2025-07-07
Aluminium,Polished,33.5,1.016,Tätningslist,0.173,low,159077,2.55,micro,9,1.92,2025-01-13
Steel,Blackening,16.0,0.965,Rörprofil,0.185,low,94937,3.0,micro,10,3.06,2025-04-01
Tin,Phosphated,25.4,1.404,Kilspår,0.129,medium,32328,3.95,medium,8,4.16,2025-07-19
Copper,Brushed,26.9,1.549,Ventilationslister,0.118,high,94670,3.49,large,9,3.06,2025-03-15
Steel,Blackening,16.2,1.364,H-profil,0.1,medium,79899,3.52,micro,5,3.32,2025-09-13
Tin,Plasma sprayed,21.7,0.971,Ramlist,0.138,low,49697,3.19,micro,5,3.86,2025-10-03
Lead,Wet painted,33.3,1.576,Anslagslist,0.118,low,141498,3.63,medium,3,2.23,2025-11-24
Nickel,Phosphated,18.9,1.416,F-profil,0.118,high,139623,2.85,medium,9,2.27,2025-11-25
Iron,Polished,28.1,1.191,Doldbeslag,0.191,low,77706,3.85,micro,12,3.36,2025-03-12
Aluminium,Chrome plated,20.7,1.451,Skarvprofil,0.198,low,79957,2.74,small,3,3.32,2025-03-19
Iron,Hot-dip galvanized,16.0,1.074,Sidoprofil,0.169,low,99860,3.59,micro,10,2.97,2025-10-11
Titanium,Powder coated,21.3,1.152,Sidoprofil,0.164,high,155478,3.09,small,5,1.98,2025-05-10
Titanium,Hot-dip galvanized,38.3,1.673,U-profil,0.152,medium,136443,3.74,medium,2,2.32,2025-02-12
Steel,Polished,34.3,1.102,Anslagslist,0.075,low,157045,3.42,small,5,1.96,2025-01-08
Lead,Hot-dip galvanized,37.9,1.265,Karmlist,0.059,high,159196,3.27,large,4,1.92,2025-01-13
Lead,Wet painted,27.0,1.648,Skruvkanal,0.154,low,45803,2.82,medium,7,3.92,2025-08-01
Copper,Brushed,18.3,1.482,Glasningslist,0.159,high,87243,3.56,micro,8,3.19,2025-04-21
Copper,Blackening,28.4,0.894,Kantskydd,0.057,low,108139,4.1,micro,9,2.82,2025-10-18
Copper,Powder coated,26.2,0.971,Tätningslist,0.189,high,114974,3.86,medium,3,2.7,2025-01-23
Nickel,Electroplated,35.3,0.844,Skenprofil,0.064,low,57645,2.65,medium,7,3.71,2025-10-29
Brass,Polished,18.0,1.412,Skruvkanal,0.093,medium,150723,3.15,large,7,2.07,2025-09-11
Zinc,Anodized,27.0,1.245,J-profil,0.151,low,82690,4.02,medium,11,3.27,2025-01-15
Brass,Electroplated,19.2,0.96,Glashållare,0.075,high,127341,3.35,micro,6,2.48,2025-05-10
Iron,Hot-dip galvanized,23.2,1.71,F-profil,0.058,low,91857,3.6,large,11,3.11,2025-03-02
Brass,Polished,32.8,1.32,H-profil,0.1,medium,97354,4.0,micro,11,3.01,2025-04-25
Nickel,Blackening,26.7,1.058,Hakprofilslist,0.165,low,34206,3.94,small,8,4.13,2025-11-16
Iron,Plasma sprayed,24.4,1.293,Droppnäsa,0.112,high,72467,3.35,medium,4,3.45,2025-11-04
Brass,Blackening,24.9,1.456,Droppnäsa,0.148,high,40261,3.25,small,5,4.02,2025-11-21
Nickel,Anodized,26.4,0.907,Glasningslist,0.137,medium,58440,3.09,micro,11,3.7,2025-03-08
Zinc,Powder coated,33.9,1.087,Isolerprofil,0.053,high,156398,3.69,small,10,1.97,2025-09-06
Brass,Blackening,36.4,1.572,Baslister,0.198,low,151589,3.01,small,5,2.05,2025-06-24
Nickel,Chrome plated,37.8,1.256,Karmprofil,0.056,low,91001,2.95,micro,4,3.12,2025-12-05
Copper,Plasma sprayed,33.9,1.335,Hörnvinkel,0.195,low,109867,3.12,micro,3,2.79,2025-01-02
Lead,Electroplated,23.0,1.231,Korsprofil,0.132,high,112964,2.83,medium,6,2.74,2025-06-21
Copper,Brushed,31.7,0.877,Vinkellist,0.194,low,113499,3.66,small,5,2.73,2025-11-30
Lead,Wet painted,25.9,0.988,Doldbeslag,0.067,low,132064,3.53,large,9,2.4,2025-10-11
Aluminium,Chrome plated,21.6,1.243,Sidoprofil,0.124,low,113518,3.32,large,8,2.73,2025-02-23
Aluminium,Plasma sprayed,35.2,1.028,Dekorlist,0.075,medium,154657,3.17,micro,7,2.0,2025-03-08
Aluminium,Brushed,16.6,0.883,Glaskil,0.058,high,113029,4.0,micro,12,2.74,2025-04-12
Zinc,Brushed,36.6,1.606,Distansprofil,0.143,high,60861,2.6,small,3,3.66,2025-04-30
Copper,Polished,26.4,1.731,Tätningslist,0.081,high,82868,3.77,micro,4,3.27,2025-07-10
Lead,Plasma sprayed,30.5,1.56,Ändprofil,0.138,medium,141649,3.98,large,11,2.23,2025-10-31
Nickel,Powder coated,31.0,1.615,Glaskil,0.067,high,105602,3.26,medium,10,2.87,2025-02-16
Iron,Hot-dip galvanized,36.4,1.058,Droppnäsa,0.1,medium,127680,3.43,medium,10,2.48,2025-08-10
Nickel,Anodized,30.5,1.712,Bottenlist,0.167,medium,127268,4.05,small,6,2.48,2025-01-21
Iron,Anodized,29.9,1.017,Glasningslist,0.116,high,61804,2.89,medium,4,3.64,2025-06-07
Titanium,Electroplated,17.3,1.704,Hakprofil,0.144,low,148416,3.38,micro,3,2.11,2025-12-14
Nickel,Electroplated,27.7,1.743,Skenprofil,0.147,low,69446,3.3,micro,9,3.51,2025-06-08
Brass,Anodized,19.2,1.485,Z-profil,0.177,high,72597,2.96,micro,7,3.45,2025-08-23
Brass,Blackening,32.8,1.731,Glashållare,0.099,high,118694,3.85,micro,11,2.64,2025-05-30
Steel,Powder coated,27.6,1.356,Baslister,0.153,medium,159473,3.98,small,12,1.91,2025-09-14
Copper,Blackening,31.5,1.074,Hakprofil,0.194,high,158242,3.79,medium,8,1.94,2025-06-14
Iron,Blackening,16.7,1.235,Korsprofil,0.16,medium,100907,2.86,large,2,2.95,2025-03-18
Iron,Wet painted,17.7,1.378,Z-profil,0.123,high,49239,2.69,medium,2,3.86,2025-03-26
Copper,Phosphated,32.3,0.904,Bottenlist,0.145,low,122767,3.51,micro,11,2.56,2025-02-15
Zinc,Hot-dip galvanized,17.4,1.404,Korsprofil,0.161,low,83015,2.64,large,3,3.27,2025-02-16
Steel,Wet painted,17.4,1.731,Vinkellist,0.142,high,76760,3.62,small,11,3.38,2025-08-01
Zinc,Polished,16.0,1.01,Kantprofil,0.053,medium,98876,3.39,micro,4,2.99,2025-02-28
Zinc,Phosphated,37.9,1.559,Karmprofil,0.079,low,100522,3.6,micro,2,2.96,2025-02-23
Zinc,Phosphated,32.8,1.664,T-profil,0.172,medium,44966,3.49,large,6,3.94,2025-12-08
Copper,Plasma sprayed,23.9,1.697,Glaskil,0.091,high,94419,3.22,small,4,3.06,2025-01-12
Zinc,Powder coated,22.6,1.712,Skruvkanal,0.16,high,67621,2.87,large,2,3.54,2025-07-11
Brass,Powder coated,23.8,1.312,Fönsterbleck,0.106,low,34079,3.04,small,9,4.13,2025-01-06
Aluminium,Phosphated,33.7,1.727,Mittpost,0.128,high,45486,3.38,micro,12,3.93,2025-11-05
Titanium,Blackening,31.0,1.527,H-profil,0.06,low,48759,3.59,medium,7,3.87,2025-05-24
Iron,Plasma sprayed,20.0,0.984,Glashållare,0.077,medium,118546,3.79,micro,10,2.64,2025-12-12
Iron,Hot-dip galvanized,19.8,1.272,Dekorlist,0.194,low,120055,3.77,medium,4,2.61,2025-09-18
Titanium,Phosphated,18.0,1.491,Fönsterbleck,0.184,low,37357,4.1,medium,10,4.07,2025-03-14
Copper,Chrome plated,31.0,1.063,Foglist,0.148,medium,92963,3.0,small,10,3.09,2025-06-23
Nickel,Electroplated,33.4,1.421,Hakprofil,0.119,low,51033,2.66,large,2,3.83,2025-08-20
Copper,Electroplated,21.9,1.444,Distansprofil,0.151,low,51457,3.1,small,4,3.82,2025-09-27
Iron,Wet painted,16.2,0.985,Foglist,0.143,high,67330,3.73,micro,7,3.54,2025-12-28
Iron,Polished,17.6,1.352,Glasningslist,0.135,medium,51913,3.25,large,9,3.82,2025-08-10
Titanium,Electroplated,38.1,1.54,Z-profil,0.059,low,140912,3.85,medium,5,2.24,2025-02-21
Zinc,Brushed,22.6,1.292,Karmlist,0.145,medium,147380,3.42,medium,6,2.13,2025-04-26
Copper,Wet painted,33.5,0.848,Kantskydd,0.165,medium,115328,4.03,micro,10,2.69,2025-01-26
Lead,Electroplated,30.2,0.845,Avvattningsprofil,0.199,low,118582,4.06,large,7,2.64,2025-02-22
Titanium,Polished,24.6,1.162,Innerbåge,0.052,high,37488,2.66,micro,8,4.07,2025-12-31
Brass,Blackening,20.5,1.681,Glasningslist,0.16,medium,139406,3.28,micro,8,2.27,2025-01-29
Iron,Blackening,18.5,1.046,F-profil,0.136,low,160646,3.52,small,5,1.89,2025-01-19
Titanium,Powder coated,30.0,1.415,Anslagslist,0.115,medium,61980,2.96,micro,5,3.64,2025-10-30
Copper,Powder coated,33.7,1.04,Sidoprofil,0.069,high,135661,3.2,large,5,2.34,2025-10-06
Iron,Hot-dip galvanized,30.6,1.13,Ändprofil,0.111,high,92419,3.63,micro,12,3.1,2025-04-27
Nickel,Phosphated,28.0,1.61,Kilspår,0.103,high,134602,2.91,large,6,2.35,2025-04-16
Titanium,Chrome plated,16.7,1.501,Hörnvinkel,0.095,low,106700,3.51,medium,6,2.85,2025-11-05
Steel,Powder coated,38.1,0.924,Kantprofil,0.16,low,88018,3.66,micro,9,3.18,2025-08-15
Iron,Plasma sprayed,34.2,1.228,Korsprofil,0.155,high,68745,2.69,large,10,3.52,2025-12-18
Copper,Electroplated,22.5,0.864,Clipsprofil,0.138,low,38096,3.34,medium,3,4.06,2025-07-05
Aluminium,Plasma sprayed,38.4,1.275,U-profil,0.191,high,79518,2.97,large,12,3.33,2025-09-18
Lead,Polished,29.7,1.441,Ventilationslister,0.102,low,71431,3.7,medium,8,3.47,2025-01-16
Tin,Powder coated,29.2,0.945,Ytterram,0.087,high,40423,2.85,small,2,4.02,2025-09-30
Zinc,Chrome plated,33.0,1.1,Kilspår,0.148,medium,40522,3.97,micro,2,4.02,2025-06-09
Tin,Polished,34.5,1.2,Anslagslist,0.08,high,56374,3.24,micro,5,3.74,2025-12-24
Copper,Brushed,30.9,1.675,J-profil,0.097,high,144258,2.86,medium,11,2.18,2025-09-07
Brass,Brushed,18.7,1.742,Ändprofil,0.084,low,148388,3.25,small,8,2.11,2025-08-12
Brass,Plasma sprayed,23.6,0.878,Skarvprofil,0.06,low,62125,3.2,large,3,3.64,2025-09-13
Aluminium,Phosphated,37.2,1.53,Doldbeslag,0.174,low,69139,3.23,small,12,3.51,2025-06-29
Zinc,Wet painted,20.9,1.176,Kopplingsprofil,0.088,low,139412,3.48,large,3,2.27,2025-01-20
Steel,Phosphated,24.3,1.195,Rörprofil,0.121,low,159814,3.38,large,2,1.91,2025-04-22
Aluminium,Blackening,25.7,1.524,Täckprofil,0.056,low,100622,2.79,micro,11,2.95,2025-04-30
Tin,Hot-dip galvanized,25.9,1.674,Ändprofil,0.155,medium,88621,2.65,medium,3,3.17,2025-07-13
Aluminium,Phosphated,29.9,1.703,Kantskydd,0.1,high,131474,3.71,micro,8,2.41,2025-04-21
Tin,Hot-dip galvanized,37.6,1.363,Ventilationslister,0.162,high,134800,3.44,micro,10,2.35,2025-07-29
Iron,Hot-dip galvanized,21.3,1.162,T-profil,0.112,high,142400,3.12,micro,7,2.22,2025-01-01
Brass,Chrome plated,18.5,1.555,Pärlspont,0.079,medium,58288,3.84,large,11,3.7,2025-02-27
Iron,Powder coated,20.3,1.066,Glasningslist,0.127,high,67807,3.17,micro,3,3.54,2025-04-03
Lead,Chrome plated,36.3,1.351,Spröjsprofil,0.07,medium,131544,3.82,large,11,2.41,2025-08-09
Zinc,Hot-dip galvanized,30.7,1.164,Hakprofil,0.116,medium,130944,3.04,medium,11,2.42,2025-07-30
Steel,Polished,22.3,1.435,Täckprofil,0.098,medium,158088,2.67,large,10,1.94,2025-08-20
Tin,Brushed,34.6,1.056,Ändprofil,0.187,high,127551,4.03,large,8,2.48,2025-09-19
Steel,Hot-dip galvanized,35.7,1.012,Fönsterbåge,0.059,medium,56106,3.18,small,12,3.74,2025-12-30
Tin,Chrome plated,35.3,1.674,Täckprofil,0.154,high,69201,3.81,micro,2,3.51,2025-04-13
Copper,Polished,37.0,0.93,U-profil,0.077,high,49343,2.99,micro,10,3.86,2025-02-19
Aluminium,Chrome plated,21.6,1.298,Kilspår,0.098,low,108061,3.58,micro,3,2.82,2025-04-20
Lead,Phosphated,33.2,1.038,Glaskil,0.112,low,42052,3.94,micro,5,3.99,2025-03-29
Brass,Electroplated,26.4,0.873,Ramlist,0.186,medium,101293,2.62,small,10,2.94,2025-01-20
Tin,Plasma sprayed,35.2,0.87,Distansprofil,0.086,medium,74916,3.87,small,5,3.41,2025-01-14
Steel,Wet painted,32.6,0.997,Anslagslist,0.064,high,84427,3.46,small,4,3.24,2025-05-13
Lead,Blackening,33.7,1.627,Dekorlist,0.098,medium,107077,3.52,small,2,2.84,2025-10-23
Nickel,Chrome plated,30.9,1.095,Clipsprofil,0.066,medium,32753,3.38,micro,8,4.15,2025-02-03
Nickel,Wet painted,19.8,1.703,T-profil,0.069,high,107732,3.94,large,7,2.83,2025-07-27
Iron,Anodized,28.3,1.367,Ytterram,0.136,medium,155172,2.62,medium,11,1.99,2025-10-28
Brass,Chrome plated,38.5,1.235,Rörprofil,0.059,medium,119662,2.97,small,5,2.62,2025-07-18
Copper,Electroplated,37.4,1.366,Isolerprofil,0.055,high,43276,3.94,large,7,3.97,2025-03-21
Steel,Wet painted,16.7,1.308,J-profil,0.157,high,146476,3.75,small,7,2.14,2025-03-12
Aluminium,Blackening,19.5,1.528,Hörnvinkel,0.104,low,131422,2.58,micro,5,2.41,2025-06-04
Aluminium,Hot-dip galvanized,18.8,1.095,Pärlspont,0.069,high,102704,3.37,micro,7,2.92,2025-03-19
Steel,Chrome plated,32.5,1.159,Anslagslist,0.088,low,114232,3.39,large,11,2.71,2025-03-19
Zinc,Powder coated,34.7,1.652,Isolerprofil,0.146,medium,129470,3.19,large,12,2.44,2025-06-21
Copper,Plasma sprayed,20.7,1.699,Kantprofil,0.091,high,110007,3.02,large,9,2.79,2025-10-16
Lead,Electroplated,27.4,1.65,Isolerprofil,0.124,high,121947,3.63,micro,4,2.58,2025-02-02
Tin,Wet painted,35.2,1.219,Innerbåge,0.068,high,65988,2.88,micro,5,3.57,2025-10-27
Zinc,Electroplated,32.7,1.548,Innerbåge,0.138,medium,119140,3.82,medium,11,2.63,2025-10-03
Tin,Polished,28.3,1.271,Karmlist,0.097,low,149406,3.83,large,2,2.09,2025-01-07
Tin,Blackening,29.4,1.29,Kopplingsprofil,0.144,medium,140110,3.21,medium,5,2.26,2025-06-09
Zinc,Plasma sprayed,27.5,1.024,Bottenlist,0.171,medium,137079,3.0,small,12,2.31,2025-08-28
Iron,Hot-dip galvanized,22.6,1.376,L-profil,0.142,high,126089,3.0,medium,11,2.5,2025-01-24
Nickel,Chrome plated,28.8,1.007,Täckprofil,0.094,low,128816,3.32,small,11,2.46,2025-08-02
Tin,Chrome plated,31.7,1.139,Droppnäsa,0.088,medium,34317,3.69,small,10,4.13,2025-03-11
Zinc,Chrome plated,35.9,1.616,Kopplingsprofil,0.099,high,40257,3.12,medium,9,4.02,2025-08-04
Zinc,Plasma sprayed,30.5,1.026,Pärlspont,0.075,medium,146834,3.52,large,12,2.14,2025-04-14
Titanium,Powder coated,33.3,0.902,Glaskil,0.077,medium,140024,3.16,small,5,2.26,2025-08-03
Iron,Anodized,19.4,0.9,Karmprofil,0.169,high,37092,3.03,large,8,4.08,2025-02-23
Brass,Brushed,26.4,1.694,Droppnäsa,0.108,high,88282,2.59,micro,11,3.17,2025-10-21
Titanium,Phosphated,15.9,1.299,F-profil,0.115,low,45537,2.56,small,4,3.93,2025-11-26
Titanium,Wet painted,21.4,1.21,Korsprofil,0.139,medium,83886,2.91,micro,10,3.25,2025-12-02
Steel,Powder coated,32.5,1.576,Ramlist,0.138,high,114087,3.2,medium,11,2.72,2025-07-22
Nickel,Hot-dip galvanized,38.7,1.598,Foglist,0.06,high,51552,3.9,large,5,3.82,2025-10-15
Zinc,Wet painted,18.0,1.14,Ramlist,0.175,low,43007,3.82,medium,3,3.97,2025-02-14
Nickel,Chrome plated,25.0,1.469,Foglist,0.077,low,66506,2.97,small,11,3.56,2025-11-13
Copper,Electroplated,34.2,1.54,Kopplingsprofil,0.158,high,126576,2.94,micro,6,2.5,2025-07-17
Steel,Hot-dip galvanized,20.4,1.433,Droppnäsa,0.166,low,35843,2.91,small,3,4.1,2025-08-04
Brass,Wet painted,28.6,0.975,Ändprofil,0.157,high,76435,3.09,medium,11,3.38,2025-11-05
Nickel,Blackening,32.7,1.635,Fönsterbåge,0.137,medium,148769,3.34,large,7,2.1,2025-11-28
Aluminium,Chrome plated,30.0,1.328,Baslister,0.052,low,146124,3.25,large,12,2.15,2025-07-03
Tin,Wet painted,20.1,1.095,Glaskil,0.104,medium,136947,2.9,small,11,2.31,2025-01-27
Copper,Electroplated,24.0,1.225,Skruvkanal,0.141,medium,67331,2.76,small,2,3.54,2025-06-15
Iron,Blackening,33.9,0.871,Innerbåge,0.108,medium,75229,2.57,micro,7,3.4,2025-11-14
Brass,Chrome plated,28.6,0.954,Clipsprofil,0.18,high,98047,2.79,medium,5,3.0,2025-10-01
Copper,Anodized,15.8,1.534,Ytterram,0.096,medium,90151,3.67,small,4,3.14,2025-12-31
Tin,Powder coated,33.3,0.837,Isolerprofil,0.094,medium,87611,2.94,micro,3,3.18,2025-04-13
Steel,Polished,16.5,1.217,Kantprofil,0.09,medium,144413,3.3,small,8,2.18,2025-11-29
Tin,Phosphated,33.0,1.313,U-profil,0.1,high,137631,3.49,large,10,2.3,2025-04-14
Titanium,Plasma sprayed,20.4,0.887,Avvattningsprofil,0.134,medium,98167,3.96,micro,4,3.0,2025-09-02
Tin,Phosphated,37.9,1.723,Droppnäsa,0.156,medium,121080,3.96,micro,7,2.59,2025-11-01
Titanium,Hot-dip galvanized,24.2,1.043,Z-profil,0.149,low,89496,3.74,small,10,3.15,2025-06-18
Steel,Phosphated,23.3,1.114,Distansprofil,0.171,high,106005,2.61,medium,3,2.86,2025-04-26
Lead,Chrome plated,19.2,1.114,Karmprofil,0.183,medium,90194,3.46,large,8,3.14,2025-05-21
Titanium,Anodized,22.8,1.047,Glasningslist,0.172,low,119940,3.8,medium,6,2.61,2025-12-22
Iron,Polished,36.0,0.839,Isolerprofil,0.053,high,139737,2.58,micro,6,2.26,2025-05-05
Tin,Powder coated,38.8,1.502,Täckprofil,0.16,high,46891,3.42,medium,12,3.9,2025-01-25
Tin,Powder coated,24.2,1.718,Glasningslist,0.081,high,129547,3.91,micro,8,2.44,2025-07-13
Iron,Electroplated,26.1,1.042,Hörnvinkel,0.07,high,81193,3.3,medium,10,3.3,2025-04-10
Aluminium,Plasma sprayed,32.4,1.441,Spröjsprofil,0.146,high,33027,2.56,small,5,4.15,2025-01-05
Zinc,Wet painted,36.2,1.513,Kopplingsprofil,0.098,high,53659,2.57,medium,10,3.79,2025-01-19
Lead,Anodized,29.5,1.61,Glaskil,0.059,medium,76122,3.21,micro,12,3.39,2025-06-19
Brass,Wet painted,24.8,1.222,Sidoprofil,0.071,medium,133847,2.8,large,11,2.37,2025-10-01
Titanium,Polished,25.3,1.113,Tätningslist,0.05,medium,147636,3.61,large,10,2.12,2025-09-11
Iron,Phosphated,31.8,1.134,Fönsterbåge,0.185,medium,135699,3.68,large,5,2.33,2025-05-01
Steel,Powder coated,15.8,1.486,Doldbeslag,0.054,low,144413,2.83,micro,4,2.18,2025-02-01
Titanium,Polished,30.1,1.581,Vinkellist,0.081,medium,120834,3.96,medium,3,2.6,2025-05-29
Zinc,Phosphated,24.0,1.003,Doldbeslag,0.112,high,43229,3.25,large,10,3.97,2025-09-23
Steel,Powder coated,34.1,1.175,Korsprofil,0.103,medium,160888,2.78,large,3,1.89,2025-02-06
Copper,Phosphated,17.9,1.659,Hakprofilslist,0.187,medium,92391,3.77,large,7,3.1,2025-06-26
Tin,Plasma sprayed,29.3,1.572,Fönsterbåge,0.056,high,112678,3.81,small,6,2.74,2025-12-08
Copper,Anodized,26.9,1.734,Ventilationslister,0.127,medium,55819,3.57,micro,6,3.75,2025-01-13
Titanium,Blackening,30.6,1.524,Innerbåge,0.152,medium,49693,3.91,micro,5,3.86,2025-07-02
Zinc,Hot-dip galvanized,17.2,1.195,Bottenlist,0.19,medium,66618,3.72,micro,7,3.56,2025-05-25
Lead,Polished,29.1,1.375,Karmlist,0.143,low,106831,3.95,micro,6,2.84,2025-09-22
Titanium,Polished,28.7,1.439,Glasningslist,0.171,medium,126492,3.24,micro,12,2.5,2025-03-29
Iron,Blackening,28.7,0.909,L-profil,0.063,high,80234,3.74,small,5,3.32,2025-02-15
Nickel,Brushed,29.7,1.333,Tätningslist,0.108,high,138096,4.14,medium,10,2.29,2025-04-29
Titanium,Chrome plated,31.4,1.483,Z-profil,0.106,medium,143105,3.7,small,7,2.2,2025-01-19
Tin,Plasma sprayed,34.4,0.99,Clipsprofil,0.183,medium,113403,2.73,large,12,2.73,2025-08-08
Tin,Plasma sprayed,22.0,1.548,Anslagslist,0.073,medium,61140,3.37,small,11,3.65,2025-08-21
Titanium,Blackening,34.8,1.369,Skenprofil,0.073,high,150389,3.48,micro,11,2.07,2025-04-04
Steel,Wet painted,27.3,1.704,T-profil,0.099,high,121667,2.83,small,11,2.58,2025-09-08
Nickel,Phosphated,17.5,0.876,Mittpost,0.058,low,45565,4.08,micro,4,3.93,2025-09-07
Iron,Chrome plated,17.1,1.079,Sidoprofil,0.077,low,37724,2.83,small,11,4.07,2025-10-09
Titanium,Anodized,23.5,1.385,Z-profil,0.195,low,52925,2.83,micro,7,3.8,2025-08-20
Steel,Anodized,33.9,1.107,L-profil,0.114,high,111922,4.01,large,2,2.75,2025-02-15
Tin,Blackening,32.1,1.488,Ventilationslister,0.145,low,61487,3.29,micro,6,3.65,2025-02-15
Tin,Plasma sprayed,34.0,1.529,Skenprofil,0.159,medium,68229,2.65,small,11,3.53,2025-01-14
Zinc,Anodized,27.7,0.931,J-profil,0.105,medium,94192,3.5,large,7,3.07,2025-03-26
Titanium,Brushed,25.9,1.305,Droppnäsa,0.072,high,52839,3.51,small,12,3.8,2025-11-15
Nickel,Polished,19.1,1.301,Ytterram,0.081,low,88930,2.65,large,9,3.16,2025-11-24
Aluminium,Electroplated,23.3,1.174,Rörprofil,0.097,medium,122939,4.1,medium,12,2.56,2025-01-03
Nickel,Hot-dip galvanized,25.8,1.687,J-profil,0.145,high,125710,3.42,medium,10,2.51,2025-01-28
Tin,Blackening,17.8,1.591,Kopplingsprofil,0.11,low,41515,3.44,medium,12,4.0,2025-06-06
Tin,Wet painted,20.8,1.472,Anslagslist,0.051,medium,71685,3.38,small,4,3.47,2025-12-09
Copper,Phosphated,29.6,1.488,Karmlist,0.129,low,119880,3.52,small,3,2.61,2025-11-29
Tin,Hot-dip galvanized,32.8,1.258,Karmprofil,0.188,high,109762,2.97,large,5,2.79,2025-11-28
Iron,Phosphated,38.8,1.676,Glasningslist,0.172,low,145696,3.01,large,9,2.16,2025-06-24
Brass,Powder coated,37.3,1.47,Vinkellist,0.174,high,129337,3.36,large,12,2.45,2025-04-24
Titanium,Hot-dip galvanized,30.6,1.501,Ytterram,0.169,low,127610,3.83,large,9,2.48,2025-11-27
Nickel,Electroplated,25.5,1.622,Karmlist,0.099,medium,57308,2.63,micro,4,3.72,2025-09-07
Brass,Plasma sprayed,30.4,1.087,Karmlist,0.165,high,81228,3.51,medium,5,3.3,2025-02-28
Steel,Brushed,33.9,1.572,Kantskydd,0.071,high,115396,3.83,micro,4,2.69,2025-07-22
Aluminium,Polished,18.5,1.015,Kantskydd,0.149,high,122176,2.8,micro,11,2.57,2025-11-11
Iron,Polished,25.2,1.152,Droppnäsa,0.146,low,57276,2.57,micro,3,3.72,2025-08-27
Nickel,Brushed,35.2,1.143,Ramlist,0.054,low,146242,3.05,micro,5,2.15,2025-08-22
Brass,Chrome plated,24.6,1.728,Glashållare,0.168,medium,157284,3.49,medium,7,1.95,2025-10-30
Aluminium,Powder coated,29.0,1.617,Karmprofil,0.185,high,59926,2.77,micro,12,3.67,2025-04-05
Copper,Phosphated,29.3,1.476,Korsprofil,0.09,high,130556,3.23,large,12,2.43,2025-05-21
Iron,Electroplated,20.0,1.499,Distansprofil,0.172,low,132837,3.43,small,6,2.39,2025-11-30
Iron,Anodized,24.1,1.349,Doldbeslag,0.062,low,92089,3.5,large,4,3.11,2025-04-23
Copper,Hot-dip galvanized,23.5,1.7,Kilspår,0.14,medium,37000,2.99,small,3,4.08,2025-04-19
Titanium,Powder coated,16.3,1.289,Sidoprofil,0.123,medium,141631,3.19,large,10,2.23,2025-12-28
Copper,Blackening,16.3,1.184,Ytterram,0.132,low,95945,3.79,large,2,3.04,2025-12-11
Iron,Hot-dip galvanized,35.0,0.986,Glashållare,0.189,high,152894,4.05,small,10,2.03,2025-10-16
Iron,Electroplated,22.0,1.553,Glashållare,0.181,medium,105696,3.92,medium,2,2.87,2025-04-07
Brass,Wet painted,27.7,1.506,T-profil,0.168,low,39826,3.45,micro,8,4.03,2025-12-01
Tin,Wet painted,22.6,1.187,Mittpost,0.091,low,136163,3.2,large,7,2.33,2025-01-16
Aluminium,Powder coated,37.5,0.86,Glashållare,0.187,high,71800,3.08,medium,8,3.46,2025-02-13
Copper,Plasma sprayed,21.7,1.601,Korsprofil,0.065,low,100349,2.75,micro,4,2.96,2025-08-18
Aluminium,Electroplated,25.7,0.848,Glashållare,0.178,low,105666,2.72,medium,4,2.87,2025-04-18
Copper,Electroplated,35.9,1.478,Innerbåge,0.099,medium,112617,3.64,medium,12,2.74,2025-08-05
Steel,Brushed,35.2,1.721,Skarvprofil,0.058,low,91417,2.96,micro,2,3.12,2025-09-17
Iron,Plasma sprayed,20.0,1.236,Doldbeslag,0.15,low,88396,2.95,large,5,3.17,2025-11-08
Tin,Phosphated,34.3,1.051,Baslister,0.085,medium,40210,4.14,medium,3,4.02,2025-11-16
Brass,Phosphated,26.3,1.479,Distansprofil,0.087,high,113683,2.85,large,11,2.72,2025-07-15
Tin,Anodized,26.9,1.581,Foglist,0.096,high,103485,2.79,large,9,2.9,2025-04-05
Tin,Polished,18.8,1.335,Skarvprofil,0.06,medium,82548,2.71,large,4,3.27,2025-02-25
Tin,Wet painted,17.6,1.718,Ytterram,0.077,medium,106956,3.47,micro,8,2.84,2025-02-01
Aluminium,Blackening,32.6,0.884,Sidoprofil,0.051,high,34251,3.55,small,8,4.13,2025-08-19
Copper,Phosphated,27.2,1.297,Ramlist,0.117,high,97512,3.13,large,10,3.01,2025-01-09
Lead,Plasma sprayed,25.8,1.492,U-profil,0.063,high,108001,3.4,small,7,2.82,2025-07-10
Steel,Electroplated,32.6,1.623,Mittpost,0.152,high,112188,3.8,small,2,2.75,2025-12-27
Nickel,Blackening,33.4,1.001,Glaskil,0.085,high,107582,3.85,medium,9,2.83,2025-07-19
Tin,Phosphated,19.4,1.566,J-profil,0.192,medium,141574,4.07,large,2,2.23,2025-11-30
Titanium,Electroplated,29.8,1.341,Distansprofil,0.181,low,126833,3.86,large,4,2.49,2025-06-10
Aluminium,Phosphated,18.9,1.198,Baslister,0.093,high,74254,3.45,large,12,3.42,2025-03-28
Brass,Wet painted,33.1,0.957,Fönsterbåge,0.167,high,122019,2.84,small,6,2.58,2025-01-21
Nickel,Hot-dip galvanized,30.9,1.625,Karmprofil,0.17,low,41104,2.71,micro,9,4.01,2025-11-07
Lead,Phosphated,37.9,0.98,Glaskil,0.198,low,125005,2.64,small,10,2.52,2025-03-17
Titanium,Plasma sprayed,17.3,1.119,Isolerprofil,0.14,low,32895,3.61,large,8,4.15,2025-05-21
Lead,Phosphated,17.0,1.101,Kopplingsprofil,0.062,low,61892,3.83,large,10,3.64,2025-05-06
Nickel,Polished,22.3,1.631,Rörprofil,0.147,low,72943,3.36,large,12,3.44,2025-09-08
Tin,Blackening,21.8,1.45,T-profil,0.144,low,156021,2.64,small,4,1.98,2025-03-25
Titanium,Blackening,21.4,1.563,Ytterram,0.146,medium,94965,3.4,large,6,3.05,2025-02-17
Lead,Wet painted,36.7,1.065,Fönsterbåge,0.096,low,53123,4.04,medium,11,3.79,2025-03-19
Brass,Plasma sprayed,21.5,1.406,T-profil,0.179,low,38272,3.5,large,9,4.06,2025-01-30
Copper,Brushed,22.0,1.358,Pärlspont,0.194,medium,48182,3.84,micro,2,3.88,2025-10-12
Iron,Plasma sprayed,33.3,1.596,Baslister,0.083,low,98694,3.82,medium,9,2.99,2025-05-16
Copper,Blackening,26.1,1.662,Baslister,0.063,high,103355,4.03,large,8,2.91,2025-05-20
Nickel,Polished,33.7,0.848,Hörnvinkel,0.079,high,56069,3.77,medium,2,3.74,2025-02-10
Aluminium,Hot-dip galvanized,17.2,1.451,Avvattningsprofil,0.173,low,57320,3.74,large,11,3.72,2025-10-09
Iron,Wet painted,27.0,0.884,Kantprofil,0.151,medium,75048,2.92,micro,11,3.41,2025-02-19
Steel,Brushed,16.5,1.337,Glashållare,0.145,high,134921,2.65,large,7,2.35,2025-09-15
Brass,Polished,17.2,1.099,Skarvprofil,0.11,medium,117674,3.37,medium,2,2.65,2025-11-07
Steel,Polished,36.7,1.117,Skarvprofil,0.137,high,77212,2.75,micro,3,3.37,2025-12-26
Titanium,Powder coated,18.9,1.159,Mittpost,0.096,low,45179,4.08,small,6,3.94,2025-09-27
Iron,Wet painted,28.0,1.403,Stödprofil,0.122,medium,66098,3.01,micro,3,3.57,2025-05-14
Steel,Plasma sprayed,25.2,1.141,Clipsprofil,0.169,medium,140091,3.91,micro,11,2.26,2025-08-22
Steel,Electroplated,23.8,1.505,Ramlist,0.197,medium,122126,3.17,micro,2,2.57,2025-05-08
Lead,Hot-dip galvanized,36.6,1.206,Hakprofil,0.19,high,78373,3.06,medium,7,3.35,2025-04-14
Copper,Electroplated,16.2,0.9,Skruvkanal,0.19,high,108091,4.04,micro,9,2.82,2025-09-11
Lead,Plasma sprayed,31.1,1.551,Ytterram,0.11,high,99283,3.13,large,9,2.98,2025-04-05
Iron,Plasma sprayed,38.0,1.098,Clipsprofil,0.12,low,75305,3.17,micro,9,3.4,2025-12-03
Iron,Wet painted,28.7,1.231,Distansprofil,0.156,high,127031,2.72,micro,12,2.49,2025-08-05
Nickel,Plasma sprayed,37.4,1.462,Glashållare,0.188,low,35150,3.62,large,7,4.11,2025-03-02
Lead,Blackening,16.9,1.14,Distansprofil,0.071,medium,60700,3.01,large,12,3.66,2025-09-25
Zinc,Powder coated,25.4,0.889,Hakprofil,0.096,medium,157248,3.48,small,4,1.95,2025-08-29
Copper,Brushed,21.7,1.178,Pärlspont,0.071,low,44253,3.49,micro,2,3.95,2025-01-13
Iron,Plasma sprayed,32.6,1.697,Fönsterbleck,0.142,high,138710,3.69,medium,3,2.28,2025-05-27
Nickel,Electroplated,38.4,1.422,Distansprofil,0.096,low,157455,3.73,micro,6,1.95,2025-08-28
Lead,Plasma sprayed,21.7,1.449,H-profil,0.099,medium,55835,3.37,micro,11,3.75,2025-03-30
Copper,Powder coated,30.9,1.413,Innerbåge,0.061,medium,107836,3.08,large,6,2.83,2025-04-05
Lead,Blackening,20.3,1.018,Clipsprofil,0.102,low,107339,3.88,small,11,2.84,2025-11-11
Steel,Blackening,28.8,1.218,Glasningslist,0.179,high,153940,3.04,micro,2,2.01,2025-10-20
Nickel,Phosphated,26.5,1.521,Ändprofil,0.085,high,113329,3.36,medium,2,2.73,2025-01-25
Copper,Blackening,38.2,0.93,Glashållare,0.154,low,36355,3.19,micro,10,4.09,2025-09-29
Tin,Phosphated,29.8,1.09,Stödprofil,0.144,low,70470,3.91,medium,3,3.49,2025-06-15
Titanium,Polished,23.8,1.089,Skruvkanal,0.18,high,157631,3.24,large,8,1.95,2025-09-07
Titanium,Hot-dip galvanized,18.4,1.231,Hörnvinkel,0.07,medium,130244,3.16,small,11,2.43,2025-03-28
Copper,Anodized,19.2,1.73,Karmlist,0.197,low,139885,3.65,micro,5,2.26,2025-05-22
Lead,Blackening,20.9,0.899,Distansprofil,0.137,high,132276,3.51,small,8,2.39,2025-05-14
Nickel,Brushed,21.5,1.31,H-profil,0.199,high,60551,2.72,micro,9,3.66,2025-10-06
Titanium,Chrome plated,35.4,1.001,Fönsterbleck,0.187,medium,36832,3.36,medium,6,4.08,2025-05-06
Nickel,Polished,28.7,1.721,Mittpost,0.083,medium,37224,3.72,small,2,4.08,2025-11-12
Titanium,Blackening,27.8,0.94,Baslister,0.058,medium,80337,4.13,micro,5,3.31,2025-05-21
Steel,Hot-dip galvanized,18.4,1.205,Skarvprofil,0.088,medium,110382,3.55,large,11,2.78,2025-12-22
Lead,Phosphated,35.6,1.509,Vinkellist,0.129,medium,124415,3.14,medium,4,2.53,2025-04-13
Steel,Electroplated,32.5,1.479,Innerbåge,0.076,low,103921,2.91,small,11,2.9,2025-08-14
Titanium,Chrome plated,17.3,1.222,Ramlist,0.075,high,110226,3.94,micro,6,2.78,2025-03-04
Tin,Hot-dip galvanized,32.1,1.153,Ytterram,0.119,low,111116,3.85,small,11,2.77,2025-10-21
Tin,Hot-dip galvanized,28.3,1.199,Kantprofil,0.055,low,121954,2.92,micro,11,2.58,2025-11-02
Steel,Blackening,17.6,1.078,Glasningslist,0.068,low,102700,2.87,medium,7,2.92,2025-09-11
Tin,Polished,26.3,1.024,Kilspår,0.112,low,139920,3.69,large,3,2.26,2025-06-29
Titanium,Chrome plated,26.9,1.277,Z-profil,0.059,low,131825,3.05,medium,8,2.4,2025-02-09
Copper,Wet painted,19.6,1.082,Kilspår,0.11,medium,133464,3.04,small,4,2.37,2025-09-21
Steel,Anodized,37.6,1.099,Kantprofil,0.121,medium,124685,2.79,small,2,2.53,2025-07-08
Aluminium,Wet painted,35.4,1.435,Doldbeslag,0.118,high,125402,2.97,micro,11,2.52,2025-01-08
Lead,Chrome plated,31.2,1.719,T-profil,0.18,low,43002,3.23,medium,4,3.97,2025-04-14
Tin,Wet painted,26.4,1.387,Z-profil,0.13,high,139032,3.72,micro,10,2.28,2025-08-13
Tin,Blackening,25.3,0.907,H-profil,0.12,medium,47685,3.08,medium,11,3.89,2025-02-03
Iron,Powder coated,30.8,0.906,Doldbeslag,0.112,medium,41636,3.07,small,12,4.0,2025-08-24
Zinc,Phosphated,28.3,1.704,Bottenlist,0.173,medium,97721,3.0,micro,12,3.01,2025-08-16
Steel,Powder coated,17.2,1.108,J-profil,0.184,low,63525,3.31,micro,7,3.61,2025-07-07
Brass,Plasma sprayed,27.6,0.921,Täckprofil,0.178,low,68321,2.84,medium,12,3.53,2025-11-09
Tin,Wet painted,34.4,1.383,Sidoprofil,0.151,medium,36082,3.32,large,7,4.1,2025-01-22
Lead,Plasma sprayed,26.4,1.405,Ändprofil,0.071,high,121177,3.67,medium,5,2.59,2025-12-09
Aluminium,Electroplated,16.9,1.428,Ramlist,0.092,high,147754,2.6,large,9,2.12,2025-02-09
Tin,Brushed,33.9,1.081,Skruvkanal,0.057,medium,149669,2.57,medium,6,2.09,2025-06-22
Aluminium,Electroplated,20.4,0.851,J-profil,0.19,high,121930,2.67,small,8,2.58,2025-06-28
Titanium,Chrome plated,21.7,1.716,Ventilationslister,0.149,medium,81411,3.4,micro,10,3.29,2025-03-27
Titanium,Hot-dip galvanized,19.5,1.066,Skenprofil,0.162,high,121702,3.91,medium,6,2.58,2025-05-13
Zinc,Phosphated,23.4,1.453,Doldbeslag,0.097,medium,152074,2.56,small,12,2.04,2025-12-17
Copper,Wet painted,33.2,1.481,Bottenlist,0.177,high,154952,4.04,medium,6,1.99,2025-01-13
Brass,Polished,27.7,1.393,Sidoprofil,0.089,low,116885,2.72,micro,5,2.67,2025-01-28
Iron,Brushed,20.5,1.122,Stödprofil,0.05,medium,75019,3.89,medium,7,3.41,2025-03-25
Zinc,Anodized,36.0,1.084,Clipsprofil,0.106,medium,128828,3.32,large,3,2.46,2025-11-14
Nickel,Anodized,36.1,1.382,Skenprofil,0.136,high,81337,3.6,micro,4,3.3,2025-12-15
Iron,Anodized,35.9,1.626,Kantskydd,0.122,medium,112403,3.36,large,2,2.75,2025-12-09
Steel,Wet painted,21.3,1.699,Kilspår,0.179,medium,142287,3.31,small,3,2.22,2025-10-07
Lead,Anodized,26.2,0.934,Distansprofil,0.066,medium,157995,3.88,small,3,1.94,2025-12-20
Nickel,Blackening,38.5,0.978,L-profil,0.133,low,35813,3.75,medium,9,4.1,2025-09-20
Nickel,Powder coated,33.6,1.698,Spröjsprofil,0.127,low,147483,3.32,large,9,2.13,2025-06-15
Zinc,Brushed,16.4,1.508,Korsprofil,0.092,high,45635,2.73,large,3,3.93,2025-10-20
Copper,Powder coated,17.2,1.641,Avvattningsprofil,0.173,low,76440,2.73,micro,7,3.38,2025-03-09
Zinc,Hot-dip galvanized,26.5,1.022,Hörnvinkel,0.163,high,136426,3.82,large,6,2.32,2025-08-14
Steel,Brushed,36.8,1.372,Fönsterbåge,0.16,low,112673,3.39,large,4,2.74,2025-06-19
Tin,Powder coated,28.2,1.476,Hakprofilslist,0.181,high,109958,3.32,micro,6,2.79,2025-03-27
Tin,Brushed,27.2,1.457,Skenprofil,0.158,low,67140,3.63,micro,6,3.55,2025-05-13
Copper,Hot-dip galvanized,18.2,1.209,Rörprofil,0.085,low,63307,3.92,large,6,3.61,2025-06-27
Steel,Plasma sprayed,30.9,0.851,Skruvkanal,0.156,high,89247,3.55,medium,4,3.16,2025-12-09
Copper,Blackening,34.8,1.368,Doldbeslag,0.096,medium,139133,3.76,micro,4,2.27,2025-09-09
Aluminium,Wet painted,24.5,1.068,Isolerprofil,0.086,medium,150937,3.77,micro,5,2.06,2025-01-15
Tin,Wet painted,33.7,1.247,Fönsterbåge,0.061,low,153021,3.12,large,8,2.03,2025-08-11
Nickel,Anodized,38.0,1.709,L-profil,0.162,high,125520,2.99,large,3,2.51,2025-07-20
Brass,Blackening,20.4,1.201,Baslister,0.157,medium,58693,3.82,micro,11,3.7,2025-04-17
Lead,Electroplated,27.8,1.602,Foglist,0.085,high,89780,3.15,large,5,3.15,2025-09-07
Steel,Anodized,22.4,1.009,Clipsprofil,0.162,medium,149543,3.99,micro,5,2.09,2025-03-30
Iron,Chrome plated,34.1,1.45,Kantprofil,0.188,high,120590,2.66,medium,2,2.6,2025-05-05
Copper,Blackening,29.1,1.727,Hakprofilslist,0.066,low,118635,2.64,medium,11,2.64,2025-04-23
Lead,Powder coated,30.4,0.93,Isolerprofil,0.085,high,136563,4.02,micro,9,2.32,2025-05-17
Iron,Brushed,34.2,0.845,Baslister,0.163,medium,41407,3.58,micro,2,4.0,2025-09-04
Lead,Electroplated,24.9,1.232,H-profil,0.091,low,160481,3.15,small,9,1.9,2025-06-15
Brass,Blackening,36.9,0.922,Kantskydd,0.144,high,38293,3.75,small,8,4.06,2025-05-30
Iron,Hot-dip galvanized,28.1,1.519,Avvattningsprofil,0.062,medium,128641,3.62,large,10,2.46,2025-12-29
Zinc,Chrome plated,19.4,1.67,Ramlist,0.118,low,125950,3.39,large,9,2.51,2025-12-09
Titanium,Hot-dip galvanized,31.8,1.233,Glasningslist,0.161,high,135625,2.71,micro,6,2.34,2025-03-09
Zinc,Wet painted,34.1,1.073,H-profil,0.153,medium,157280,3.84,micro,9,1.95,2025-08-09
Tin,Wet painted,23.1,1.233,Ventilationslister,0.172,high,149895,3.93,small,12,2.08,2025-09-28
Titanium,Anodized,35.6,1.496,Vinkellist,0.182,high,84366,2.82,small,11,3.24,2025-11-17
Zinc,Powder coated,36.7,0.845,Spröjsprofil,0.166,low,144150,3.9,micro,4,2.18,2025-11-06
Titanium,Electroplated,22.1,1.374,Pärlspont,0.151,low,75242,3.95,medium,11,3.4,2025-12-15
Titanium,Phosphated,38.5,1.396,Baslister,0.055,medium,48438,3.42,medium,8,3.88,2025-01-20
Nickel,Chrome plated,19.0,1.418,Innerbåge,0.13,low,150858,3.59,large,5,2.07,2025-10-16
Copper,Chrome plated,20.4,1.058,Täckprofil,0.056,medium,159708,3.16,micro,6,1.91,2025-04-10
Copper,Blackening,20.0,1.488,Kantskydd,0.171,high,76827,3.0,micro,10,3.38,2025-09-09
Nickel,Anodized,36.4,0.92,Tätningslist,0.098,high,41490,3.7,large,8,4.0,2025-03-18
Lead,Wet painted,30.9,1.019,Skruvkanal,0.134,medium,124559,3.92,small,5,2.53,2025-05-15
Aluminium,Anodized,19.2,1.636,Glashållare,0.092,high,152073,3.59,small,7,2.04,2025-06-22
Lead,Brushed,25.9,1.51,H-profil,0.167,low,110722,3.36,medium,11,2.78,2025-12-29
Iron,Blackening,30.0,0.85,Kantprofil,0.183,high,87998,2.8,micro,12,3.18,2025-07-20
Iron,Blackening,17.7,1.063,Kantprofil,0.11,low,114615,2.63,small,8,2.71,2025-08-05
Titanium,Electroplated,36.1,1.033,Glashållare,0.179,medium,126010,3.26,medium,11,2.51,2025-07-27
Zinc,Powder coated,34.3,1.084,Dekorlist,0.09,medium,61386,2.63,medium,10,3.65,2025-03-15
Zinc,Plasma sprayed,27.4,1.063,Hakprofil,0.13,high,49622,3.46,medium,5,3.86,2025-01-11
Copper,Polished,38.1,0.894,Fönsterbåge,0.179,high,140432,3.16,small,11,2.25,2025-10-14
Steel,Polished,25.4,1.255,H-profil,0.099,low,157904,3.75,small,4,1.94,2025-09-13
Lead,Blackening,38.5,1.505,Karmprofil,0.193,low,133114,3.04,micro,9,2.38,2025-01-12
Tin,Anodized,31.2,1.39,Baslister,0.068,high,151624,3.49,micro,2,2.05,2025-03-19
Brass,Brushed,30.4,1.45,Distansprofil,0.053,high,115869,3.4,medium,10,2.69,2025-06-21
Zinc,Electroplated,19.6,0.911,Karmprofil,0.186,medium,117910,2.56,medium,2,2.65,2025-04-06
Brass,Phosphated,36.1,1.704,Karmlist,0.06,medium,35735,2.67,small,3,4.1,2025-11-02
Titanium,Polished,25.6,1.601,Pärlspont,0.199,medium,133805,3.01,small,9,2.37,2025-09-30
Brass,Electroplated,19.5,1.57,Karmprofil,0.193,high,85631,3.95,micro,10,3.22,2025-06-28
Tin,Blackening,16.0,1.587,Innerbåge,0.071,high,61242,2.78,micro,8,3.65,2025-03-05
Nickel,Powder coated,28.7,1.687,Tätningslist,0.131,high,91935,3.68,large,4,3.11,2025-05-12
Tin,Hot-dip galvanized,27.9,1.333,Mittpost,0.078,medium,61359,4.1,micro,8,3.65,2025-12-09
Brass,Brushed,32.4,1.02,Kantskydd,0.114,high,89857,3.81,small,7,3.15,2025-09-29
Tin,Wet painted,36.3,1.399,Täckprofil,0.059,low,145757,2.94,medium,3,2.16,2025-11-15
Aluminium,Electroplated,17.6,1.514,Ventilationslister,0.084,high,84689,3.99,large,4,3.24,2025-11-28
Titanium,Powder coated,32.7,1.509,Anslagslist,0.104,high,85314,2.7,micro,12,3.23,2025-12-07
Lead,Phosphated,20.1,1.312,Isolerprofil,0.116,high,65126,3.29,micro,11,3.58,2025-04-19
Nickel,Plasma sprayed,35.6,0.9,Skarvprofil,0.197,high,62597,3.96,small,11,3.63,2025-09-30
Zinc,Wet painted,34.7,1.175,F-profil,0.171,high,76190,3.57,large,6,3.39,2025-06-17
Iron,Blackening,28.2,1.676,Avvattningsprofil,0.161,low,53622,3.21,micro,11,3.79,2025-06-29
Lead,Plasma sprayed,32.2,1.37,Glaskil,0.131,low,68039,3.02,medium,5,3.53,2025-02-27
Iron,Phosphated,23.0,1.328,Dekorlist,0.176,high,42019,3.15,small,3,3.99,2025-03-20
Titanium,Powder coated,26.6,1.082,Ventilationslister,0.101,medium,111853,3.36,large,5,2.76,2025-03-02
Nickel,Polished,34.7,1.173,Isolerprofil,0.156,high,40614,3.06,micro,9,4.02,2025-05-01
Copper,Plasma sprayed,26.4,1.653,Spröjsprofil,0.199,high,126131,4.09,micro,6,2.5,2025-07-26
Zinc,Blackening,24.0,1.444,Hakprofil,0.097,high,107464,4.03,large,6,2.83,2025-02-03
Aluminium,Wet painted,27.2,1.554,Ytterram,0.151,medium,139958,3.93,small,11,2.26,2025-03-11
Copper,Anodized,34.9,1.251,Fönsterbåge,0.177,medium,109328,3.22,large,4,2.8,2025-01-17
Titanium,Chrome plated,23.5,1.411,Ytterram,0.187,medium,68413,3.65,large,9,3.52,2025-01-20
Lead,Electroplated,19.7,1.063,Isolerprofil,0.158,low,149474,3.99,small,7,2.09,2025-11-11
Aluminium,Polished,32.2,1.48,L-profil,0.093,medium,47657,3.9,micro,3,3.89,2025-03-10
Tin,Plasma sprayed,34.8,1.227,Kopplingsprofil,0.099,low,131165,3.21,medium,3,2.41,2025-08-03
Brass,Hot-dip galvanized,18.1,1.24,Z-profil,0.053,low,52665,2.73,small,10,3.8,2025-06-10
Aluminium,Electroplated,21.3,1.429,Rörprofil,0.164,medium,71329,2.67,medium,8,3.47,2025-04-12
Titanium,Anodized,19.0,1.69,Doldbeslag,0.056,medium,34037,3.47,micro,11,4.13,2025-07-25
Steel,Phosphated,23.8,0.896,Innerbåge,0.18,medium,106932,3.57,large,10,2.84,2025-05-25
Brass,Chrome plated,26.1,1.588,Ytterram,0.068,low,117774,3.9,medium,7,2.65,2025-02-26
Iron,Powder coated,33.1,1.104,Kopplingsprofil,0.076,high,110518,3.02,micro,6,2.78,2025-03-24
Zinc,Anodized,30.8,1.242,Spröjsprofil,0.121,medium,156906,2.82,micro,2,1.96,2025-09-26
Iron,Anodized,30.1,0.857,Skarvprofil,0.161,medium,59799,3.15,large,7,3.68,2025-07-06
Aluminium,Phosphated,23.9,1.111,Kantskydd,0.071,medium,142327,3.11,large,7,2.22,2025-01-06
Iron,Brushed,35.2,1.295,Foglist,0.116,low,142702,2.76,micro,4,2.21,2025-12-19
Titanium,Phosphated,26.6,0.888,L-profil,0.122,low,160992,3.62,micro,4,1.89,2025-12-16
Tin,Brushed,38.4,1.285,Dekorlist,0.082,high,139730,3.36,medium,4,2.26,2025-04-20
Lead,Brushed,30.4,1.682,Kopplingsprofil,0.067,medium,78457,3.7,micro,4,3.35,2025-05-18
Zinc,Polished,18.6,0.933,Skarvprofil,0.175,low,88547,3.11,micro,8,3.17,2025-02-20
Iron,Polished,31.4,1.533,Distansprofil,0.125,high,160711,3.07,medium,11,1.89,2025-02-20
Iron,Wet painted,23.2,1.21,Innerbåge,0.052,medium,73334,3.3,small,12,3.44,2025-03-28
Aluminium,Plasma sprayed,31.6,1.434,Rörprofil,0.17,low,32594,3.95,medium,3,4.16,2025-03-09
Lead,Plasma sprayed,17.3,1.074,Spröjsprofil,0.197,medium,130372,2.61,medium,11,2.43,2025-03-25
Copper,Blackening,19.8,0.983,Distansprofil,0.141,medium,56896,3.83,large,11,3.73,2025-02-11
Iron,Powder coated,35.5,0.983,Tätningslist,0.126,low,130485,3.14,medium,3,2.43,2025-08-07
Titanium,Plasma sprayed,21.0,0.901,Tätningslist,0.182,low,43734,3.91,micro,4,3.96,2025-02-26
Steel,Polished,35.1,1.006,Droppnäsa,0.193,low,90682,3.83,micro,11,3.13,2025-08-14
Zinc,Wet painted,22.2,1.442,Droppnäsa,0.163,medium,70398,3.1,micro,8,3.49,2025-07-15
Iron,Wet painted,30.6,1.64,Karmprofil,0.117,medium,36955,3.65,small,4,4.08,2025-09-05
Titanium,Brushed,31.8,1.579,Doldbeslag,0.139,high,115329,2.8,micro,8,2.69,2025-06-15
Titanium,Blackening,27.6,1.461,Stödprofil,0.155,medium,78528,3.98,small,10,3.35,2025-03-03
Zinc,Phosphated,22.8,0.938,Glashållare,0.079,low,36071,3.19,micro,12,4.1,2025-09-20
Copper,Powder coated,20.6,1.101,Bottenlist,0.117,medium,106399,3.27,medium,11,2.85,2025-04-22
Titanium,Brushed,16.5,1.119,Anslagslist,0.174,high,153111,3.67,large,12,2.03,2025-09-10
Steel,Phosphated,22.8,1.065,Kantskydd,0.148,high,89099,3.86,micro,5,3.16,2025-07-18
Titanium,Plasma sprayed,30.8,1.306,Avvattningsprofil,0.112,low,94557,2.93,small,8,3.06,2025-06-27
Titanium,Blackening,37.4,1.325,Tätningslist,0.15,low,49858,3.6,small,10,3.85,2025-01-26
Titanium,Brushed,35.9,1.162,Kilspår,0.068,high,131768,3.17,large,9,2.4,2025-09-03
Tin,Electroplated,33.5,1.159,Glaskil,0.11,high,90736,3.14,micro,9,3.13,2025-01-19
Tin,Plasma sprayed,34.0,1.592,Avvattningsprofil,0.169,high,140079,3.65,medium,10,2.26,2025-09-22
Copper,Phosphated,31.1,1.556,Distansprofil,0.083,low,157191,3.17,micro,6,1.95,2025-11-13
Iron,Powder coated,21.7,1.118,T-profil,0.078,high,156025,3.1,micro,6,1.97,2025-01-20
Titanium,Phosphated,36.7,1.669,Kilspår,0.193,high,124403,3.88,large,4,2.53,2025-04-16
Lead,Brushed,31.2,1.705,Baslister,0.081,low,155700,2.71,micro,6,1.98,2025-08-25
Iron,Brushed,28.7,1.135,Clipsprofil,0.089,medium,64676,3.62,medium,9,3.59,2025-11-02
Copper,Anodized,18.3,1.16,Skruvkanal,0.195,medium,151454,2.95,small,6,2.06,2025-09-03
Nickel,Powder coated,26.1,1.298,Ytterram,0.16,high,119758,2.57,large,5,2.62,2025-03-22
Iron,Hot-dip galvanized,26.4,1.694,Ytterram,0.155,medium,110224,2.82,medium,9,2.78,2025-05-30
Iron,Plasma sprayed,35.7,1.635,Innerbåge,0.178,medium,61632,3.51,small,8,3.64,2025-01-10
Brass,Wet painted,28.4,0.931,Kantskydd,0.067,medium,79037,3.68,large,7,3.34,2025-11-17
Aluminium,Powder coated,24.5,1.195,Anslagslist,0.156,medium,121331,2.58,large,6,2.59,2025-08-12
Brass,Wet painted,38.3,1.341,Mittpost,0.126,high,106270,2.61,small,6,2.85,2025-09-21
Steel,Powder coated,18.3,1.295,Kantprofil,0.174,medium,84252,3.99,small,11,3.24,2025-05-29
Tin,Powder coated,25.5,1.014,Skenprofil,0.126,medium,53291,2.67,medium,3,3.79,2025-10-05
Tin,Phosphated,16.7,1.619,Bottenlist,0.143,low,59772,3.97,micro,5,3.68,2025-10-01
Aluminium,Powder coated,32.9,1.454,T-profil,0.122,high,92246,2.91,micro,9,3.1,2025-07-13
Zinc,Anodized,37.0,1.6,U-profil,0.122,low,137866,3.73,micro,9,2.3,2025-06-21
Zinc,Hot-dip galvanized,22.2,1.619,U-profil,0.165,low,59149,3.04,micro,12,3.69,2025-09-22
Copper,Brushed,35.6,1.519,Ramlist,0.144,high,33841,3.92,micro,2,4.14,2025-11-06
Aluminium,Chrome plated,22.5,1.237,Sidoprofil,0.145,medium,35065,3.66,medium,3,4.11,2025-01-26
Iron,Wet painted,36.8,1.393,Stödprofil,0.118,low,75374,3.19,large,6,3.4,2025-12-16
Zinc,Brushed,33.2,0.983,Ytterram,0.13,high,135095,2.67,medium,10,2.35,2025-12-22
Titanium,Chrome plated,34.4,1.451,Foglist,0.162,medium,61583,3.71,medium,11,3.65,2025-01-26
Lead,Hot-dip galvanized,16.1,1.001,Glasningslist,0.174,high,133687,3.53,medium,12,2.37,2025-02-03
Iron,Hot-dip galvanized,38.0,1.469,Anslagslist,0.154,low,152344,2.55,large,12,2.04,2025-09-21
Steel,Wet painted,32.5,1.046,Mittpost,0.189,medium,132461,2.56,medium,8,2.39,2025-05-18
Titanium,Wet painted,22.8,0.944,Skruvkanal,0.173,medium,33069,3.84,medium,11,4.15,2025-10-31
Titanium,Hot-dip galvanized,34.9,0.988,Glashållare,0.134,high,50106,2.96,large,6,3.85,2025-07-02
Aluminium,Chrome plated,22.2,0.839,Glashållare,0.151,medium,122818,3.56,medium,2,2.56,2025-12-29
Copper,Powder coated,35.9,1.492,Fönsterbleck,0.189,low,35272,3.27,micro,7,4.11,2025-08-30
Steel,Plasma sprayed,18.3,1.504,Droppnäsa,0.143,low,50556,3.92,small,9,3.84,2025-02-23
Zinc,Blackening,32.0,1.306,Sidoprofil,0.174,low,136203,4.01,medium,8,2.33,2025-06-17
Aluminium,Electroplated,28.2,0.984,Fönsterbåge,0.153,high,157874,4.13,small,3,1.94,2025-04-29
Zinc,Blackening,18.0,0.913,T-profil,0.133,medium,50953,2.79,medium,6,3.83,2025-05-23
Aluminium,Brushed,21.3,0.855,Kilspår,0.086,medium,135879,3.92,medium,12,2.33,2025-03-22
Aluminium,Phosphated,16.0,0.988,Fönsterbleck,0.114,medium,118969,2.97,micro,5,2.63,2025-09-02
Aluminium,Brushed,26.6,1.649,Z-profil,0.195,low,71639,3.49,large,10,3.47,2025-12-18
Copper,Phosphated,22.7,1.057,Hakprofilslist,0.149,medium,58057,3.35,small,11,3.71,2025-12-24
Aluminium,Chrome plated,29.6,1.16,Ytterram,0.135,low,135676,2.58,large,2,2.33,2025-03-03
Nickel,Phosphated,22.6,0.933,Anslagslist,0.19,medium,74699,4.03,micro,7,3.41,2025-02-15
Lead,Wet painted,22.7,1.04,Vinkellist,0.138,low,76313,2.67,micro,4,3.38,2025-03-28
Zinc,Plasma sprayed,32.9,1.31,L-profil,0.129,medium,129905,3.64,small,12,2.44,2025-04-09
Iron,Plasma sprayed,16.8,1.391,Isolerprofil,0.164,high,47006,3.8,large,10,3.9,2025-10-22
Brass,Wet painted,36.6,1.061,Kilspår,0.157,high,70531,3.81,micro,6,3.49,2025-02-22
Steel,Anodized,35.5,0.89,Skarvprofil,0.079,low,60209,2.77,medium,7,3.67,2025-07-11
Tin,Blackening,31.2,1.193,Spröjsprofil,0.121,low,138054,3.26,medium,12,2.29,2025-03-21
Copper,Chrome plated,29.5,1.051,Stödprofil,0.121,medium,158077,3.87,medium,10,1.94,2025-01-16
Iron,Blackening,36.4,1.037,Doldbeslag,0.107,medium,108931,3.03,large,10,2.81,2025-12-26
Titanium,Anodized,20.0,1.711,Vinkellist,0.128,high,89872,3.29,medium,9,3.14,2025-11-22
Nickel,Anodized,17.6,1.399,Hakprofilslist,0.112,medium,118179,2.98,medium,10,2.64,2025-07-13
Tin,Brushed,21.3,1.344,Täckprofil,0.08,low,96067,3.29,micro,5,3.04,2025-05-21
Brass,Hot-dip galvanized,34.1,1.216,Ramlist,0.112,low,58769,3.96,micro,7,3.69,2025-04-18
Iron,Brushed,16.5,1.228,Fönsterbleck,0.061,low,33613,3.27,medium,6,4.14,2025-10-30
Tin,Hot-dip galvanized,29.2,1.33,Ytterram,0.136,low,40147,3.43,medium,6,4.02,2025-09-22
Iron,Electroplated,38.8,1.472,Foglist,0.178,low,82522,3.19,micro,5,3.27,2025-10-17
Nickel,Phosphated,35.5,1.477,Hakprofil,0.159,high,107002,3.28,small,3,2.84,2025-07-28
Brass,Hot-dip galvanized,27.8,0.994,Mittpost,0.104,high,42230,2.57,large,7,3.99,2025-06-14
Titanium,Blackening,17.2,1.293,Kantskydd,0.063,low,35585,3.0,large,10,4.1,2025-12-08
Aluminium,Wet painted,35.0,1.212,Droppnäsa,0.08,medium,155937,3.24,micro,2,1.98,2025-11-16
Zinc,Brushed,29.6,1.63,Vinkellist,0.132,low,68163,3.56,large,8,3.53,2025-06-01
Titanium,Chrome plated,18.4,1.412,U-profil,0.081,high,49004,3.27,micro,7,3.87,2025-10-17
Aluminium,Phosphated,17.9,1.322,Hakprofilslist,0.132,low,51005,3.09,micro,4,3.83,2025-09-25
Copper,Electroplated,36.8,0.942,Pärlspont,0.085,high,32855,3.17,micro,2,4.15,2025-05-31
Lead,Hot-dip galvanized,31.2,1.389,Kopplingsprofil,0.177,high,53623,2.94,micro,5,3.79,2025-07-26
Steel,Electroplated,34.9,0.944,Baslister,0.11,low,103268,4.02,small,10,2.91,2025-09-12
Steel,Chrome plated,36.1,1.144,Fönsterbleck,0.087,low,99222,3.38,medium,3,2.98,2025-12-19
Zinc,Anodized,29.0,0.967,Bottenlist,0.172,medium,86215,2.57,medium,4,3.21,2025-05-21
Brass,Plasma sprayed,27.7,1.468,Karmprofil,0.101,high,141843,2.58,small,3,2.23,2025-12-09
Nickel,Chrome plated,25.7,1.025,H-profil,0.067,medium,42919,4.1,large,3,3.98,2025-12-24
Brass,Polished,23.1,1.194,Kilspår,0.136,low,104690,2.9,large,11,2.88,2025-04-06
Nickel,Chrome plated,25.8,1.653,Avvattningsprofil,0.137,high,140800,3.83,medium,12,2.24,2025-08-15
Brass,Electroplated,33.6,1.023,Fönsterbåge,0.157,medium,146637,2.64,large,12,2.14,2025-07-12
Lead,Wet painted,29.7,1.3,Fönsterbleck,0.086,medium,91574,4.01,medium,9,3.11,2025-10-30
Copper,Brushed,36.4,1.219,L-profil,0.117,medium,105473,3.94,medium,4,2.87,2025-11-10
Copper,Wet painted,26.0,0.854,Doldbeslag,0.092,low,53525,3.46,small,8,3.79,2025-04-28
Aluminium,Electroplated,29.8,1.559,Hakprofil,0.062,low,143566,2.56,large,9,2.2,2025-01-05
Tin,Brushed,30.3,0.9,Isolerprofil,0.181,low,59039,2.96,small,4,3.69,2025-12-18
Copper,Polished,29.4,1.269,Rörprofil,0.159,high,80008,3.2,medium,3,3.32,2025-08-31
Copper,Plasma sprayed,32.0,1.348,Mittpost,0.095,low,160341,3.28,medium,9,1.9,2025-01-21
Titanium,Phosphated,21.2,1.41,Skruvkanal,0.14,high,85319,3.02,medium,4,3.23,2025-06-01
Titanium,Blackening,27.6,1.464,Hakprofilslist,0.08,medium,108454,2.6,micro,8,2.82,2025-05-08
Aluminium,Electroplated,18.1,1.068,Fönsterbleck,0.184,medium,134397,3.49,micro,2,2.36,2025-05-04
Tin,Hot-dip galvanized,24.6,0.846,Karmprofil,0.067,low,39673,3.38,micro,7,4.03,2025-05-26
Zinc,Electroplated,27.0,1.496,Ytterram,0.051,medium,67581,3.0,small,10,3.54,2025-10-04
Titanium,Electroplated,30.8,1.325,Fönsterbleck,0.125,low,52487,2.61,medium,4,3.81,2025-11-06
Zinc,Brushed,37.7,1.599,Ventilationslister,0.137,high,100163,4.13,large,8,2.96,2025-06-01
Iron,Powder coated,29.6,1.585,Skenprofil,0.137,medium,130227,3.32,small,7,2.43,2025-12-26
Titanium,Chrome plated,32.9,1.605,Hakprofil,0.058,low,139413,3.75,small,9,2.27,2025-04-21
Lead,Powder coated,27.4,1.279,Korsprofil,0.097,medium,116385,3.27,small,4,2.68,2025-04-26
Tin,Polished,30.4,1.141,Baslister,0.125,medium,150296,2.62,large,4,2.08,2025-07-07
Aluminium,Hot-dip galvanized,17.4,1.558,Ytterram,0.082,low,71520,3.04,medium,5,3.47,2025-02-26
Iron,Plasma sprayed,21.6,1.248,Ramlist,0.181,medium,155055,3.06,micro,4,1.99,2025-09-08
Tin,Anodized,24.1,1.004,Pärlspont,0.063,medium,39942,3.88,medium,10,4.03,2025-05-30
Lead,Polished,26.7,1.616,Ventilationslister,0.123,medium,112271,3.59,medium,12,2.75,2025-06-11
Tin,Anodized,16.8,1.641,H-profil,0.154,medium,87856,2.99,small,5,3.18,2025-04-30
Lead,Anodized,19.0,1.262,Kantprofil,0.089,high,66060,4.09,small,7,3.57,2025-03-11
Lead,Plasma sprayed,22.1,0.906,Hörnvinkel,0.144,medium,70492,3.06,small,9,3.49,2025-12-17
Zinc,Wet painted,38.2,1.19,Avvattningsprofil,0.174,medium,156557,4.14,micro,12,1.97,2025-04-09
Brass,Powder coated,23.4,1.569,Fönsterbåge,0.079,low,36681,4.13,micro,9,4.09,2025-06-16
Iron,Electroplated,26.9,1.659,Pärlspont,0.188,high,128883,2.85,micro,6,2.45,2025-10-25
Tin,Phosphated,20.3,1.023,Isolerprofil,0.133,low,51858,3.05,medium,6,3.82,2025-05-31
Nickel,Anodized,29.9,0.898,Tätningslist,0.095,low,63082,3.32,small,7,3.62,2025-11-22
Iron,Hot-dip galvanized,22.2,1.636,Vinkellist,0.115,low,37082,3.61,large,11,4.08,2025-01-02
Brass,Polished,20.5,1.192,Karmprofil,0.097,high,123717,3.39,medium,8,2.55,2025-06-01
Iron,Wet painted,27.7,1.331,Kantprofil,0.159,low,87012,4.09,micro,11,3.2,2025-12-31
Copper,Anodized,15.9,1.719,Hakprofilslist,0.169,low,138064,3.7,large,8,2.29,2025-03-06
Nickel,Wet painted,15.9,0.898,Clipsprofil,0.175,low,127245,2.89,large,5,2.48,2025-11-22
Brass,Wet painted,20.8,1.428,Rörprofil,0.198,medium,51762,2.72,small,7,3.82,2025-03-10
Zinc,Anodized,16.6,0.905,Mittpost,0.169,low,92330,3.64,large,8,3.1,2025-05-01
Tin,Brushed,18.2,1.179,Kantskydd,0.14,high,100819,2.8,micro,6,2.95,2025-04-19
Steel,Chrome plated,23.6,1.569,Ventilationslister,0.101,high,88711,3.8,small,6,3.17,2025-11-12
Brass,Hot-dip galvanized,34.3,1.232,Kantskydd,0.132,medium,87506,3.04,large,3,3.19,2025-09-04
Aluminium,Electroplated,29.0,1.745,J-profil,0.056,high,129769,3.07,small,8,2.44,2025-04-03
Tin,Electroplated,27.6,1.346,Stödprofil,0.162,high,79250,2.57,large,7,3.33,2025-09-25
Brass,Hot-dip galvanized,22.5,1.13,Kantprofil,0.117,medium,34823,3.66,medium,12,4.12,2025-04-13
Copper,Brushed,37.3,1.038,Hakprofil,0.053,low,93226,2.73,medium,2,3.09,2025-04-22
Steel,Electroplated,24.9,1.156,Kantskydd,0.059,medium,41977,3.78,micro,5,3.99,2025-11-17
Copper,Wet painted,17.7,1.177,L-profil,0.108,low,108128,3.33,medium,4,2.82,2025-10-31
Steel,Plasma sprayed,30.0,0.9,J-profil,0.138,low,47389,3.8,medium,4,3.9,2025-12-10
Aluminium,Polished,18.4,1.174,Distansprofil,0.12,high,36881,3.48,medium,8,4.08,2025-03-03
Tin,Powder coated,23.7,1.26,Droppnäsa,0.143,medium,44207,2.68,large,12,3.95,2025-10-27
Zinc,Electroplated,27.5,1.495,J-profil,0.122,high,37909,3.77,large,11,4.06,2025-05-16
Copper,Hot-dip galvanized,36.0,1.435,Hakprofil,0.149,high,83453,2.66,small,5,3.26,2025-02-24
Copper,Plasma sprayed,27.1,1.483,J-profil,0.083,low,82839,3.31,large,9,3.27,2025-04-18
Lead,Anodized,32.0,0.845,H-profil,0.067,high,76443,2.82,medium,12,3.38,2025-10-30
Steel,Chrome plated,38.7,1.035,Bottenlist,0.139,medium,55236,3.75,large,10,3.76,2025-09-15
Titanium,Hot-dip galvanized,18.8,1.44,Spröjsprofil,0.123,high,82482,4.0,micro,4,3.28,2025-09-10
Tin,Wet painted,22.1,1.278,Bottenlist,0.054,high,140561,3.43,small,6,2.25,2025-08-10
Steel,Chrome plated,24.9,0.842,Bottenlist,0.107,low,143559,3.39,small,5,2.2,2025-06-16
Lead,Polished,25.5,1.57,Ändprofil,0.066,medium,131824,3.76,large,11,2.4,2025-06-09
Iron,Polished,25.2,1.541,Glashållare,0.13,high,127342,2.56,medium,7,2.48,2025-06-15
Steel,Brushed,36.7,1.337,H-profil,0.109,low,45463,4.01,small,12,3.93,2025-07-24
Zinc,Phosphated,32.3,0.898,Kilspår,0.142,high,158986,2.86,micro,11,1.92,2025-09-24
Tin,Brushed,29.8,1.535,Kilspår,0.171,medium,92058,4.11,micro,5,3.11,2025-05-18
Lead,Plasma sprayed,22.9,1.369,Foglist,0.095,high,78357,3.72,small,9,3.35,2025-12-12
Iron,Chrome plated,34.8,1.549,Skenprofil,0.194,high,44837,3.78,medium,4,3.94,2025-09-05
Nickel,Phosphated,37.8,1.522,J-profil,0.13,low,54719,3.59,medium,12,3.77,2025-02-24
Lead,Anodized,34.7,1.569,Skruvkanal,0.143,high,74878,3.3,large,6,3.41,2025-07-28
Nickel,Wet painted,15.8,1.309,Ändprofil,0.152,low,107291,3.46,large,2,2.84,2025-01-17
Tin,Chrome plated,30.5,0.965,Karmlist,0.15,medium,153511,2.62,small,7,2.02,2025-03-09
Copper,Brushed,16.9,1.449,Tätningslist,0.127,high,155062,3.54,large,12,1.99,2025-05-13
Lead,Powder coated,21.7,1.402,Droppnäsa,0.114,medium,106899,3.55,large,6,2.84,2025-07-07
Aluminium,Blackening,17.1,1.513,Kantprofil,0.058,medium,33134,3.97,large,9,4.15,2025-11-04
Nickel,Phosphated,29.7,0.992,Stödprofil,0.053,high,64514,3.35,micro,10,3.59,2025-05-18
Zinc,Phosphated,31.6,1.015,T-profil,0.104,low,125234,2.67,large,9,2.52,2025-06-23
Aluminium,Wet painted,18.4,1.648,Ytterram,0.1,medium,156098,3.04,small,9,1.97,2025-04-07
Brass,Electroplated,24.6,1.52,Hörnvinkel,0.108,medium,132328,3.59,medium,4,2.39,2025-06-20
Brass,Polished,26.3,1.664,Anslagslist,0.071,high,153586,2.93,large,5,2.02,2025-06-03
Iron,Polished,24.3,1.528,J-profil,0.161,high,34713,3.0,medium,12,4.12,2025-07-02
Copper,Powder coated,18.5,1.381,Glashållare,0.179,high,41805,3.85,large,5,3.99,2025-08-30
Tin,Plasma sprayed,25.4,1.433,F-profil,0.191,high,152981,3.48,small,12,2.03,2025-10-31
Lead,Plasma sprayed,33.1,1.647,Tätningslist,0.124,high,135102,3.36,micro,6,2.34,2025-10-12
Titanium,Anodized,17.4,1.364,Z-profil,0.155,high,34405,3.06,small,10,4.13,2025-01-27
Zinc,Chrome plated,17.6,1.413,H-profil,0.178,low,100404,3.71,micro,10,2.96,2025-12-26
Nickel,Blackening,23.9,0.98,Karmlist,0.113,medium,160603,3.01,large,11,1.89,2025-03-01
Tin,Hot-dip galvanized,37.5,1.269,Ytterram,0.096,low,139934,3.72,large,2,2.26,2025-07-21
Aluminium,Electroplated,31.2,1.49,Z-profil,0.191,low,147197,2.66,micro,9,2.13,2025-09-07
Brass,Brushed,31.4,1.084,Kantskydd,0.127,high,90708,3.92,small,2,3.13,2025-12-28
Zinc,Hot-dip galvanized,24.1,1.021,Stödprofil,0.125,medium,69979,3.34,small,3,3.5,2025-03-10
Titanium,Hot-dip galvanized,29.5,1.123,Bottenlist,0.077,low,149208,3.25,micro,8,2.1,2025-01-21
Lead,Phosphated,16.0,1.057,Kantskydd,0.066,high,147221,3.52,large,9,2.13,2025-06-01
Iron,Powder coated,30.4,1.033,Ändprofil,0.176,high,131396,3.54,micro,2,2.41,2025-04-12
Titanium,Polished,36.9,1.224,Kantprofil,0.142,medium,112031,2.76,large,4,2.75,2025-04-05
Zinc,Anodized,29.9,1.664,Clipsprofil,0.099,low,144505,3.75,micro,8,2.18,2025-12-27
Titanium,Plasma sprayed,35.9,1.299,Hakprofil,0.079,low,97431,2.99,large,10,3.01,2025-08-17
Zinc,Blackening,32.5,1.008,T-profil,0.133,low,96580,3.99,micro,9,3.03,2025-05-05
Zinc,Powder coated,18.5,0.907,Tätningslist,0.138,high,48062,3.85,medium,9,3.88,2025-09-15
Steel,Phosphated,36.6,1.471,Glasningslist,0.081,medium,150098,3.1,large,10,2.08,2025-11-18
Nickel,Brushed,17.3,1.186,Hörnvinkel,0.178,medium,149154,3.83,small,11,2.1,2025-08-24
Brass,Anodized,28.1,1.586,Skruvkanal,0.063,low,139130,3.12,micro,4,2.27,2025-06-11
Steel,Phosphated,19.0,1.438,Tätningslist,0.103,high,91003,2.71,small,9,3.12,2025-02-11
Lead,Blackening,16.0,1.562,Doldbeslag,0.152,low,113734,4.08,micro,2,2.72,2025-10-03
Steel,Polished,25.5,1.085,Täckprofil,0.091,medium,95379,3.59,small,9,3.05,2025-12-19
Copper,Polished,22.6,1.468,Anslagslist,0.174,high,53877,3.28,small,8,3.78,2025-03-09
Copper,Polished,27.0,1.078,Täckprofil,0.161,low,33514,3.18,micro,9,4.14,2025-06-22
Brass,Powder coated,29.1,1.693,Kantskydd,0.168,low,118639,3.07,micro,2,2.64,2025-11-27
Titanium,Powder coated,16.7,1.417,U-profil,0.068,high,80414,4.11,small,7,3.31,2025-05-05
Nickel,Plasma sprayed,18.6,1.133,Glaskil,0.071,medium,121534,2.76,small,8,2.58,2025-06-19
Brass,Plasma sprayed,28.7,1.083,Bottenlist,0.093,high,95530,3.05,small,12,3.04,2025-02-16
Zinc,Brushed,23.7,1.011,Glaskil,0.128,low,155463,3.32,large,6,1.98,2025-09-18
Aluminium,Blackening,32.6,1.47,Kilspår,0.162,low,65280,3.31,large,6,3.58,2025-08-05
Nickel,Anodized,30.8,1.036,Bottenlist,0.175,low,99494,3.3,medium,8,2.97,2025-11-01
Nickel,Wet painted,35.3,1.379,L-profil,0.156,low,110106,2.83,large,12,2.79,2025-05-04
Zinc,Wet painted,31.8,1.078,Pärlspont,0.189,medium,144633,2.78,large,4,2.18,2025-10-20
Zinc,Phosphated,25.7,1.44,Korsprofil,0.161,medium,70092,2.96,micro,7,3.49,2025-06-11
Iron,Polished,31.3,1.579,Z-profil,0.096,low,78107,4.0,medium,8,3.35,2025-07-20
Brass,Anodized,22.1,1.546,Kopplingsprofil,0.09,medium,156597,2.73,medium,2,1.96,2025-10-02
Zinc,Hot-dip galvanized,22.8,1.53,H-profil,0.154,medium,157566,3.75,large,3,1.95,2025-07-25
Copper,Powder coated,34.0,1.008,Spröjsprofil,0.079,medium,54601,3.75,micro,5,3.77,2025-02-09
Lead,Chrome plated,26.1,0.918,Kantskydd,0.064,low,37441,3.84,micro,9,4.07,2025-09-30
Aluminium,Electroplated,34.2,1.474,Glasningslist,0.13,high,148782,3.96,medium,12,2.1,2025-07-07
Brass,Brushed,34.8,1.173,F-profil,0.173,high,136592,2.97,micro,11,2.32,2025-12-21
Tin,Polished,35.6,1.231,Mittpost,0.065,high,155284,2.91,small,7,1.99,2025-04-03
Copper,Polished,36.9,0.866,Dekorlist,0.169,low,46077,3.29,large,2,3.92,2025-02-11
Titanium,Blackening,25.7,1.074,Kantskydd,0.172,medium,70646,2.97,small,11,3.48,2025-04-17
Zinc,Polished,23.1,0.868,Ytterram,0.122,medium,87003,3.72,medium,6,3.2,2025-11-24
Tin,Powder coated,29.2,1.638,Vinkellist,0.059,low,127277,3.56,medium,8,2.48,2025-03-06
Zinc,Powder coated,24.3,1.059,Kilspår,0.076,low,80119,3.94,micro,7,3.32,2025-12-31
Nickel,Electroplated,29.6,1.345,Doldbeslag,0.156,high,60769,2.68,micro,10,3.66,2025-11-05
Copper,Hot-dip galvanized,32.1,0.873,Karmprofil,0.157,high,36145,4.0,medium,9,4.1,2025-05-15
Nickel,Anodized,31.7,1.445,Pärlspont,0.185,low,142486,3.02,medium,5,2.21,2025-01-24
Iron,Polished,24.4,1.131,Hörnvinkel,0.137,high,55590,3.33,small,12,3.75,2025-01-28
Nickel,Wet painted,19.6,1.655,Skruvkanal,0.069,medium,144851,3.25,small,6,2.17,2025-03-03
Iron,Plasma sprayed,25.7,1.646,U-profil,0.068,low,62999,3.76,micro,8,3.62,2025-09-30
Iron,Blackening,19.0,1.134,Dekorlist,0.158,low,76552,3.22,small,9,3.38,2025-08-17
Tin,Blackening,36.3,1.658,Kilspår,0.078,medium,130982,4.05,micro,6,2.42,2025-01-20
Zinc,Wet painted,23.7,1.745,Rörprofil,0.099,medium,35593,3.99,micro,10,4.1,2025-01-03
Titanium,Phosphated,19.3,1.589,H-profil,0.123,medium,150317,3.94,large,11,2.08,2025-08-06
Nickel,Wet painted,16.3,1.607,T-profil,0.054,high,151796,2.66,micro,5,2.05,2025-11-03
Copper,Phosphated,30.7,1.064,Kopplingsprofil,0.087,low,142234,3.91,small,5,2.22,2025-05-16
Iron,Chrome plated,30.5,1.362,Bottenlist,0.111,high,89389,3.79,medium,9,3.15,2025-01-03
Zinc,Plasma sprayed,23.6,0.899,Anslagslist,0.092,medium,144264,2.71,medium,2,2.18,2025-07-12
Aluminium,Blackening,17.4,0.924,Glasningslist,0.07,high,48908,2.72,small,9,3.87,2025-03-14
Brass,Wet painted,25.2,1.747,Ventilationslister,0.159,medium,98573,2.71,medium,6,2.99,2025-12-27
Tin,Chrome plated,22.9,1.135,Anslagslist,0.172,high,48919,2.57,micro,12,3.87,2025-04-28
Titanium,Brushed,31.4,1.519,T-profil,0.089,high,110306,3.42,medium,2,2.78,2025-06-03
Steel,Anodized,29.7,1.572,Ventilationslister,0.166,medium,147699,4.1,small,5,2.12,2025-07-28
Tin,Chrome plated,24.2,1.619,Spröjsprofil,0.108,high,120208,3.25,medium,3,2.61,2025-02-03
Aluminium,Anodized,20.8,1.746,H-profil,0.126,low,113953,3.41,micro,5,2.72,2025-05-17
Brass,Wet painted,38.6,1.057,Rörprofil,0.178,high,47079,4.09,micro,9,3.9,2025-11-14
Aluminium,Hot-dip galvanized,26.2,0.874,Innerbåge,0.162,high,83340,2.96,small,6,3.26,2025-04-30
Nickel,Chrome plated,31.7,1.212,Pärlspont,0.171,low,127130,3.91,small,2,2.49,2025-04-25
Iron,Plasma sprayed,19.0,0.956,Skenprofil,0.071,medium,88625,3.42,small,8,3.17,2025-01-13
Titanium,Wet painted,27.0,0.858,Bottenlist,0.06,low,148247,3.46,large,2,2.11,2025-03-10
Lead,Polished,16.4,1.166,Karmlist,0.184,high,53930,3.1,large,10,3.78,2025-11-29
Iron,Powder coated,27.4,1.551,Fönsterbleck,0.108,medium,137875,3.44,micro,4,2.3,2025-09-14
Lead,Chrome plated,38.0,1.353,Ändprofil,0.093,high,147736,2.67,large,4,2.12,2025-03-30
Brass,Plasma sprayed,24.6,1.122,U-profil,0.159,high,44478,3.77,large,7,3.95,2025-02-16
Zinc,Brushed,16.6,1.433,Bottenlist,0.175,low,52235,3.0,medium,11,3.81,2025-09-17
Steel,Polished,16.4,1.049,J-profil,0.179,low,79558,3.96,large,7,3.33,2025-08-16
Copper,Brushed,24.7,0.85,Skarvprofil,0.097,medium,55084,3.13,medium,12,3.76,2025-06-29
Iron,Wet painted,19.4,1.533,Bottenlist,0.178,medium,96022,2.78,small,12,3.04,2025-01-10
Titanium,Powder coated,16.3,1.405,Hakprofilslist,0.056,medium,55327,3.66,medium,7,3.76,2025-10-11
Aluminium,Chrome plated,33.2,1.532,Ramlist,0.057,high,128844,2.81,medium,2,2.46,2025-05-06
Titanium,Chrome plated,26.3,0.873,Anslagslist,0.144,low,90153,3.75,small,6,3.14,2025-05-14
Brass,Hot-dip galvanized,22.4,1.6,Vinkellist,0.059,low,144467,4.09,small,7,2.18,2025-06-04
Lead,Blackening,36.6,1.401,Z-profil,0.099,low,99659,3.79,micro,9,2.97,2025-09-05
Aluminium,Hot-dip galvanized,18.4,1.35,Pärlspont,0.151,medium,104688,2.59,micro,2,2.88,2025-05-20
Copper,Wet painted,37.8,1.406,Skenprofil,0.101,low,110908,3.5,micro,6,2.77,2025-11-14
Copper,Wet painted,23.0,1.625,Ändprofil,0.077,low,108969,3.66,micro,4,2.81,2025-06-25
Iron,Powder coated,36.3,1.372,Droppnäsa,0.092,low,47411,3.86,medium,3,3.9,2025-11-19
Brass,Hot-dip galvanized,29.7,1.366,Spröjsprofil,0.119,medium,64612,2.64,medium,12,3.59,2025-06-23
Zinc,Plasma sprayed,34.9,1.74,Foglist,0.121,low,56461,3.31,micro,9,3.74,2025-03-15
Brass,Plasma sprayed,38.5,1.526,Skarvprofil,0.167,medium,151220,3.4,large,8,2.06,2025-12-17
Lead,Powder coated,22.4,1.24,Vinkellist,0.163,low,137123,2.82,micro,11,2.31,2025-05-23
Titanium,Blackening,38.0,1.482,Avvattningsprofil,0.119,low,157314,3.06,large,8,1.95,2025-10-19
Copper,Plasma sprayed,24.7,1.192,Ändprofil,0.177,low,99613,3.25,small,6,2.97,2025-04-22
Titanium,Phosphated,24.6,1.046,Skarvprofil,0.067,medium,82674,3.87,medium,10,3.27,2025-07-25
Titanium,Anodized,23.6,1.381,Rörprofil,0.088,medium,56314,4.03,medium,6,3.74,2025-05-11
Titanium,Powder coated,28.3,1.683,Anslagslist,0.174,low,112608,3.55,large,3,2.74,2025-04-20
Copper,Powder coated,19.3,1.683,Karmprofil,0.107,high,78689,3.18,micro,4,3.34,2025-03-08
Tin,Electroplated,28.5,1.149,Baslister,0.197,medium,142463,2.95,medium,5,2.21,2025-03-27
Nickel,Polished,28.3,1.318,Fönsterbleck,0.12,medium,50461,4.11,large,6,3.84,2025-10-02
Lead,Polished,33.4,1.03,Doldbeslag,0.169,low,140100,4.11,small,4,2.26,2025-08-15
Tin,Phosphated,35.0,1.744,Fönsterbleck,0.11,high,39790,4.02,small,8,4.03,2025-11-21
Lead,Hot-dip galvanized,25.9,1.731,Karmprofil,0.114,low,151847,3.8,medium,6,2.05,2025-01-10
Aluminium,Wet painted,22.7,1.429,Skarvprofil,0.107,medium,139497,3.07,micro,6,2.27,2025-12-21
Brass,Wet painted,21.7,1.57,Kilspår,0.158,medium,56802,3.85,large,7,3.73,2025-10-15
Brass,Brushed,20.2,1.489,Fönsterbleck,0.132,low,68057,3.2,medium,8,3.53,2025-04-22
Steel,Phosphated,17.1,1.377,Kopplingsprofil,0.192,low,73411,3.07,small,11,3.44,2025-01-24
Brass,Powder coated,23.7,0.886,H-profil,0.088,high,130573,3.73,micro,11,2.43,2025-10-18
Copper,Phosphated,22.0,1.251,F-profil,0.065,high,115545,2.68,large,9,2.69,2025-12-05
Zinc,Phosphated,38.1,1.452,Doldbeslag,0.109,medium,90945,2.63,medium,10,3.13,2025-11-22
Iron,Phosphated,28.6,1.454,Fönsterbleck,0.143,high,142518,3.26,large,12,2.21,2025-06-17
Steel,Polished,23.8,1.177,Pärlspont,0.179,high,91355,3.26,micro,5,3.12,2025-04-19
Iron,Phosphated,29.2,1.695,Avvattningsprofil,0.102,medium,152115,3.97,micro,6,2.04,2025-07-09
Lead,Blackening,18.9,0.99,Korsprofil,0.148,medium,41298,2.75,small,6,4.0,2025-12-21
Iron,Anodized,26.0,1.293,Täckprofil,0.103,medium,61206,2.75,micro,9,3.65,2025-07-15
Iron,Wet painted,30.2,1.466,Isolerprofil,0.143,medium,133326,2.78,medium,10,2.38,2025-02-02
Steel,Brushed,27.0,1.472,H-profil,0.183,low,102492,2.6,large,8,2.92,2025-07-24
Aluminium,Anodized,25.0,1.428,Doldbeslag,0.085,medium,82777,2.66,micro,6,3.27,2025-11-08
Titanium,Brushed,38.7,1.088,Kilspår,0.111,medium,69201,3.6,micro,4,3.51,2025-07-01
Brass,Electroplated,36.1,0.98,Fönsterbåge,0.199,medium,123571,3.24,medium,2,2.55,2025-05-27
Brass,Brushed,30.2,1.416,Kantprofil,0.18,high,84321,3.76,large,12,3.24,2025-09-25
Copper,Wet painted,28.9,1.383,Droppnäsa,0.135,medium,61392,4.13,large,10,3.65,2025-01-11
Steel,Wet painted,30.1,1.001,Glasningslist,0.127,low,33542,3.6,small,6,4.14,2025-03-11
Copper,Phosphated,20.4,1.479,Skarvprofil,0.093,low,139143,2.63,small,10,2.27,2025-09-13
Zinc,Chrome plated,24.9,1.252,Skenprofil,0.128,medium,34131,2.72,large,11,4.13,2025-08-07
Zinc,Electroplated,16.6,1.445,J-profil,0.177,low,83021,3.95,medium,5,3.27,2025-10-24
Copper,Blackening,26.7,1.6,Skarvprofil,0.153,high,60811,3.39,medium,6,3.66,2025-12-28
Steel,Powder coated,28.3,0.992,Baslister,0.094,medium,105082,3.86,small,5,2.88,2025-09-16
Copper,Plasma sprayed,21.0,0.855,Anslagslist,0.08,low,129303,3.91,micro,3,2.45,2025-01-03
Brass,Brushed,38.0,1.547,Kilspår,0.09,low,50602,4.03,medium,2,3.84,2025-03-25
Tin,Chrome plated,36.8,1.393,Glashållare,0.075,medium,87868,4.06,micro,9,3.18,2025-06-05
Nickel,Phosphated,32.4,1.474,Doldbeslag,0.064,low,35532,3.43,medium,5,4.11,2025-05-31
Iron,Polished,28.1,1.601,Isolerprofil,0.113,medium,134362,3.09,large,6,2.36,2025-06-25
Nickel,Powder coated,35.9,1.568,Skarvprofil,0.067,low,136601,4.08,small,7,2.32,2025-07-14
Steel,Hot-dip galvanized,18.7,1.712,Stödprofil,0.076,high,83807,3.42,micro,9,3.25,2025-04-17
Nickel,Chrome plated,34.0,1.325,Foglist,0.132,low,156577,2.65,micro,12,1.97,2025-05-14
Zinc,Polished,18.6,1.282,H-profil,0.075,low,108808,3.57,large,9,2.81,2025-10-03
Lead,Electroplated,34.1,1.203,Ramlist,0.06,medium,145972,3.48,medium,8,2.15,2025-12-18
Iron,Phosphated,22.1,0.977,Clipsprofil,0.098,low,132428,3.97,micro,5,2.39,2025-06-04
Titanium,Powder coated,36.0,1.359,Glashållare,0.083,medium,42983,3.59,medium,7,3.97,2025-10-04
Steel,Powder coated,37.6,1.09,Dekorlist,0.127,high,55964,3.1,large,5,3.74,2025-08-24
Iron,Powder coated,19.2,1.676,Ytterram,0.065,medium,134664,4.09,small,8,2.35,2025-08-28
Nickel,Electroplated,26.4,1.368,Clipsprofil,0.163,medium,152312,3.82,micro,12,2.04,2025-01-13
Zinc,Brushed,38.4,1.377,Rörprofil,0.186,low,65472,3.55,medium,2,3.58,2025-12-08
Aluminium,Hot-dip galvanized,26.9,1.16,Fönsterbåge,0.162,high,115941,3.02,micro,6,2.68,2025-02-04
Tin,Blackening,35.7,0.885,Doldbeslag,0.13,medium,96640,3.14,medium,11,3.03,2025-02-16
Titanium,Electroplated,29.4,0.866,U-profil,0.179,low,119536,3.62,medium,11,2.62,2025-08-02
Tin,Plasma sprayed,24.4,1.223,Isolerprofil,0.154,low,43317,2.66,medium,5,3.97,2025-05-26
Iron,Hot-dip galvanized,22.3,0.914,Glasningslist,0.052,medium,68913,2.96,large,12,3.52,2025-06-08
Zinc,Wet painted,20.4,1.39,Skarvprofil,0.109,low,118430,3.69,small,8,2.64,2025-05-05
Zinc,Phosphated,33.4,1.64,Ramlist,0.178,medium,109220,3.31,micro,10,2.8,2025-04-20
Nickel,Electroplated,24.7,1.641,Skruvkanal,0.102,medium,62648,3.19,small,6,3.63,2025-02-06
Brass,Polished,27.6,1.437,F-profil,0.055,medium,48748,2.79,medium,5,3.87,2025-10-04
Nickel,Hot-dip galvanized,27.1,1.03,J-profil,0.162,high,41791,3.25,medium,10,4.0,2025-01-14
Brass,Plasma sprayed,29.1,1.623,Distansprofil,0.17,medium,110948,3.78,small,6,2.77,2025-12-13
Brass,Wet painted,35.8,1.644,Glashållare,0.074,low,153370,2.97,small,10,2.02,2025-08-20
Titanium,Brushed,38.4,1.016,Z-profil,0.131,high,128857,2.56,micro,9,2.46,2025-11-12
Nickel,Polished,25.2,1.509,Hakprofil,0.079,low,91059,3.61,medium,5,3.12,2025-05-04
Aluminium,Hot-dip galvanized,34.9,1.098,Foglist,0.158,high,76853,4.1,small,12,3.38,2025-10-06
Copper,Phosphated,33.4,1.568,Isolerprofil,0.091,high,33268,3.51,large,12,4.15,2025-04-21
Copper,Polished,29.0,1.745,H-profil,0.097,high,32668,2.74,medium,8,4.16,2025-05-04
Nickel,Wet painted,37.9,0.865,Glasningslist,0.177,high,106260,3.06,medium,6,2.86,2025-01-30
Nickel,Polished,20.4,1.655,Mittpost,0.121,low,67310,3.93,micro,11,3.54,2025-04-25
Tin,Anodized,18.3,1.404,Pärlspont,0.15,medium,86454,2.92,large,5,3.21,2025-03-31
Titanium,Blackening,35.5,1.724,Distansprofil,0.11,low,68151,3.52,micro,6,3.53,2025-07-31
Nickel,Chrome plated,25.9,1.261,Fönsterbåge,0.095,medium,155061,3.19,large,6,1.99,2025-02-07
Tin,Brushed,35.3,1.609,Ventilationslister,0.144,low,57796,2.88,micro,12,3.71,2025-03-24
Brass,Wet painted,36.4,0.894,Hakprofilslist,0.073,high,155868,3.84,large,10,1.98,2025-01-27
Zinc,Blackening,17.2,1.143,Baslister,0.106,high,159452,3.73,large,10,1.91,2025-08-05
Zinc,Blackening,36.2,0.898,Kopplingsprofil,0.081,medium,63236,3.6,large,7,3.62,2025-12-26
Brass,Polished,26.1,1.726,J-profil,0.154,medium,111158,2.93,small,5,2.77,2025-08-03
Steel,Chrome plated,27.5,1.581,Karmprofil,0.192,low,99305,2.71,medium,3,2.98,2025-08-09
Tin,Blackening,30.2,1.614,Bottenlist,0.199,medium,69793,3.47,large,4,3.5,2025-01-15
Tin,Chrome plated,37.2,1.692,Doldbeslag,0.118,low,102095,3.43,small,3,2.93,2025-09-16
Brass,Polished,16.2,0.915,Fönsterbåge,0.088,medium,68690,2.85,small,6,3.52,2025-09-23
Aluminium,Phosphated,26.8,1.188,U-profil,0.116,medium,42592,2.64,micro,7,3.98,2025-04-30
Lead,Anodized,31.6,0.902,Kopplingsprofil,0.177,medium,124677,2.68,medium,12,2.53,2025-05-08
